date_time,maxtempC,mintempC,totalSnow_cm,sunHour,uvIndex,moon_illumination,moonrise,moonset,sunrise,sunset,DewPointC,FeelsLikeC,HeatIndexC,WindChillC,WindGustKmph,cloudcover,humidity,precipMM,pressure,tempC,visibility,winddirDegree,windspeedKmph,location
2019-08-01 00:00:00,36,30,0.0,13.7,9,2,05:37 AM,07:38 PM,05:44 AM,07:13 PM,21,35,35,31,13,15,56,0.0,998,31,10,86,11,Gurgaon
2019-08-01 03:00:00,36,30,0.0,13.7,9,2,05:37 AM,07:38 PM,05:44 AM,07:13 PM,22,34,34,30,14,28,62,0.0,998,30,10,118,11,Gurgaon
2019-08-01 06:00:00,36,30,0.0,13.7,9,2,05:37 AM,07:38 PM,05:44 AM,07:13 PM,23,38,38,33,13,27,59,0.5,1000,33,9,127,11,Gurgaon
2019-08-01 09:00:00,36,30,0.0,13.7,9,2,05:37 AM,07:38 PM,05:44 AM,07:13 PM,22,41,41,36,15,30,44,1.6,999,36,9,129,13,Gurgaon
2019-08-01 12:00:00,36,30,0.0,13.7,9,2,05:37 AM,07:38 PM,05:44 AM,07:13 PM,22,42,42,36,14,43,43,0.0,998,36,10,112,12,Gurgaon
2019-08-01 15:00:00,36,30,0.0,13.7,9,2,05:37 AM,07:38 PM,05:44 AM,07:13 PM,22,42,42,36,14,46,43,0.0,995,36,10,100,12,Gurgaon
2019-08-01 18:00:00,36,30,0.0,13.7,9,2,05:37 AM,07:38 PM,05:44 AM,07:13 PM,23,40,40,34,13,45,51,0.0,998,34,10,99,10,Gurgaon
2019-08-01 21:00:00,36,30,0.0,13.7,9,2,05:37 AM,07:38 PM,05:44 AM,07:13 PM,23,39,39,33,13,29,55,0.3,998,33,9,123,10,Gurgaon
2019-08-02 00:00:00,38,32,0.0,13.7,8,9,06:46 AM,08:27 PM,05:44 AM,07:12 PM,23,38,38,33,13,23,56,0.6,997,33,9,123,10,Gurgaon
2019-08-02 03:00:00,38,32,0.0,13.7,8,9,06:46 AM,08:27 PM,05:44 AM,07:12 PM,23,37,37,32,10,24,58,0.7,997,32,9,116,8,Gurgaon
2019-08-02 06:00:00,38,32,0.0,13.7,8,9,06:46 AM,08:27 PM,05:44 AM,07:12 PM,22,38,38,33,12,30,51,0.6,998,33,9,122,8,Gurgaon
2019-08-02 09:00:00,38,32,0.0,13.7,8,9,06:46 AM,08:27 PM,05:44 AM,07:12 PM,21,41,41,36,15,46,42,0.6,997,36,9,123,8,Gurgaon
2019-08-02 12:00:00,38,32,0.0,13.7,8,9,06:46 AM,08:27 PM,05:44 AM,07:12 PM,21,43,43,38,13,39,39,0.0,996,38,10,117,7,Gurgaon
2019-08-02 15:00:00,38,32,0.0,13.7,8,9,06:46 AM,08:27 PM,05:44 AM,07:12 PM,22,43,43,37,8,34,41,0.0,994,37,10,113,7,Gurgaon
2019-08-02 18:00:00,38,32,0.0,13.7,8,9,06:46 AM,08:27 PM,05:44 AM,07:12 PM,23,40,40,35,10,23,51,0.0,996,35,10,99,9,Gurgaon
2019-08-02 21:00:00,38,32,0.0,13.7,8,9,06:46 AM,08:27 PM,05:44 AM,07:12 PM,23,39,39,33,14,32,55,0.3,997,33,9,101,11,Gurgaon
2019-08-03 00:00:00,38,32,0.0,13.7,9,16,07:56 AM,09:12 PM,05:45 AM,07:12 PM,22,38,38,33,14,31,55,0.1,997,33,10,106,11,Gurgaon
2019-08-03 03:00:00,38,32,0.0,13.7,9,16,07:56 AM,09:12 PM,05:45 AM,07:12 PM,22,36,36,32,13,27,58,0.1,996,32,10,112,10,Gurgaon
2019-08-03 06:00:00,38,32,0.0,13.7,9,16,07:56 AM,09:12 PM,05:45 AM,07:12 PM,23,39,39,34,13,26,52,0.1,998,34,10,119,10,Gurgaon
2019-08-03 09:00:00,38,32,0.0,13.7,9,16,07:56 AM,09:12 PM,05:45 AM,07:12 PM,21,42,42,37,12,45,40,0.2,997,37,9,117,10,Gurgaon
2019-08-03 12:00:00,38,32,0.0,13.7,9,16,07:56 AM,09:12 PM,05:45 AM,07:12 PM,21,43,43,38,10,28,38,0.0,996,38,10,109,9,Gurgaon
2019-08-03 15:00:00,38,32,0.0,13.7,9,16,07:56 AM,09:12 PM,05:45 AM,07:12 PM,21,43,43,38,11,26,38,0.0,994,38,10,118,9,Gurgaon
2019-08-03 18:00:00,38,32,0.0,13.7,9,16,07:56 AM,09:12 PM,05:45 AM,07:12 PM,24,42,42,35,8,47,51,3.4,996,35,7,127,6,Gurgaon
2019-08-03 21:00:00,38,32,0.0,13.7,9,16,07:56 AM,09:12 PM,05:45 AM,07:12 PM,23,40,40,34,8,34,55,4.3,997,34,7,125,5,Gurgaon
2019-08-04 00:00:00,38,32,0.0,13.7,8,23,09:03 AM,09:53 PM,05:45 AM,07:11 PM,24,39,39,33,12,32,61,5.4,996,33,7,106,9,Gurgaon
2019-08-04 03:00:00,38,32,0.0,13.7,8,23,09:03 AM,09:53 PM,05:45 AM,07:11 PM,24,38,38,32,10,46,62,5.5,996,32,7,111,8,Gurgaon
2019-08-04 06:00:00,38,32,0.0,13.7,8,23,09:03 AM,09:53 PM,05:45 AM,07:11 PM,23,39,39,34,6,29,54,0.0,997,34,10,123,5,Gurgaon
2019-08-04 09:00:00,38,32,0.0,13.7,8,23,09:03 AM,09:53 PM,05:45 AM,07:11 PM,22,42,42,37,4,45,42,0.4,996,37,9,205,3,Gurgaon
2019-08-04 12:00:00,38,32,0.0,13.7,8,23,09:03 AM,09:53 PM,05:45 AM,07:11 PM,21,43,43,38,4,29,39,0.0,995,38,10,274,3,Gurgaon
2019-08-04 15:00:00,38,32,0.0,13.7,8,23,09:03 AM,09:53 PM,05:45 AM,07:11 PM,22,43,43,38,6,25,40,0.0,992,38,10,184,5,Gurgaon
2019-08-04 18:00:00,38,32,0.0,13.7,8,23,09:03 AM,09:53 PM,05:45 AM,07:11 PM,23,42,42,35,5,45,49,0.0,995,35,10,254,4,Gurgaon
2019-08-04 21:00:00,38,32,0.0,13.7,8,23,09:03 AM,09:53 PM,05:45 AM,07:11 PM,23,41,41,35,4,42,50,0.0,996,35,10,253,4,Gurgaon
2019-08-05 00:00:00,39,30,0.0,13.6,8,29,10:08 AM,10:31 PM,05:46 AM,07:10 PM,25,39,39,33,7,47,63,8.5,995,33,3,144,6,Gurgaon
2019-08-05 03:00:00,39,30,0.0,13.6,8,29,10:08 AM,10:31 PM,05:46 AM,07:10 PM,24,37,37,31,6,48,67,9.6,995,31,3,131,5,Gurgaon
2019-08-05 06:00:00,39,30,0.0,13.6,8,29,10:08 AM,10:31 PM,05:46 AM,07:10 PM,23,40,40,34,5,23,56,0.0,995,34,10,112,5,Gurgaon
2019-08-05 09:00:00,39,30,0.0,13.6,8,29,10:08 AM,10:31 PM,05:46 AM,07:10 PM,23,44,44,37,8,45,45,0.1,995,37,10,139,6,Gurgaon
2019-08-05 12:00:00,39,30,0.0,13.6,8,29,10:08 AM,10:31 PM,05:46 AM,07:10 PM,22,46,46,39,6,30,38,0.0,993,39,10,176,5,Gurgaon
2019-08-05 15:00:00,39,30,0.0,13.6,8,29,10:08 AM,10:31 PM,05:46 AM,07:10 PM,23,45,45,38,5,45,41,0.0,991,38,10,185,5,Gurgaon
2019-08-05 18:00:00,39,30,0.0,13.6,8,29,10:08 AM,10:31 PM,05:46 AM,07:10 PM,24,43,43,36,5,46,50,0.2,994,36,9,125,5,Gurgaon
2019-08-05 21:00:00,39,30,0.0,13.6,8,29,10:08 AM,10:31 PM,05:46 AM,07:10 PM,25,36,36,30,17,37,74,6.2,995,30,7,125,11,Gurgaon
2019-08-06 00:00:00,40,29,0.0,13.6,8,36,11:12 AM,11:09 PM,05:46 AM,07:09 PM,24,34,34,29,12,33,74,9.9,994,29,3,114,9,Gurgaon
2019-08-06 03:00:00,40,29,0.0,13.6,8,36,11:12 AM,11:09 PM,05:46 AM,07:09 PM,24,36,36,31,8,47,65,11.5,994,31,3,181,7,Gurgaon
2019-08-06 06:00:00,40,29,0.0,13.6,8,36,11:12 AM,11:09 PM,05:46 AM,07:09 PM,24,41,41,34,10,31,58,0.6,994,34,9,274,9,Gurgaon
2019-08-06 09:00:00,40,29,0.0,13.6,8,36,11:12 AM,11:09 PM,05:46 AM,07:09 PM,22,44,44,38,14,32,41,1.9,994,38,9,299,12,Gurgaon
2019-08-06 12:00:00,40,29,0.0,13.6,8,36,11:12 AM,11:09 PM,05:46 AM,07:09 PM,21,46,46,40,10,28,35,0.0,994,40,10,256,9,Gurgaon
2019-08-06 15:00:00,40,29,0.0,13.6,8,36,11:12 AM,11:09 PM,05:46 AM,07:09 PM,23,43,43,36,14,46,49,0.1,992,36,10,149,12,Gurgaon
2019-08-06 18:00:00,40,29,0.0,13.6,8,36,11:12 AM,11:09 PM,05:46 AM,07:09 PM,24,39,39,33,19,44,58,0.4,995,33,9,151,17,Gurgaon
2019-08-06 21:00:00,40,29,0.0,13.6,8,36,11:12 AM,11:09 PM,05:46 AM,07:09 PM,24,38,38,32,14,31,63,0.4,996,32,9,124,12,Gurgaon
2019-08-07 00:00:00,38,31,0.0,13.6,9,43,12:14 PM,11:48 PM,05:47 AM,07:09 PM,24,37,37,31,11,22,66,0.0,995,31,10,302,6,Gurgaon
2019-08-07 03:00:00,38,31,0.0,13.6,9,43,12:14 PM,11:48 PM,05:47 AM,07:09 PM,24,37,37,31,3,17,67,0.0,994,31,10,267,3,Gurgaon
2019-08-07 06:00:00,38,31,0.0,13.6,9,43,12:14 PM,11:48 PM,05:47 AM,07:09 PM,23,37,37,32,3,46,56,0.1,995,32,10,183,3,Gurgaon
2019-08-07 09:00:00,38,31,0.0,13.6,9,43,12:14 PM,11:48 PM,05:47 AM,07:09 PM,21,41,41,36,6,48,41,0.2,995,36,9,178,5,Gurgaon
2019-08-07 12:00:00,38,31,0.0,13.6,9,43,12:14 PM,11:48 PM,05:47 AM,07:09 PM,21,42,42,38,10,28,38,0.0,993,38,10,68,8,Gurgaon
2019-08-07 15:00:00,38,31,0.0,13.6,9,43,12:14 PM,11:48 PM,05:47 AM,07:09 PM,22,43,43,37,14,27,40,0.0,991,37,10,121,12,Gurgaon
2019-08-07 18:00:00,38,31,0.0,13.6,9,43,12:14 PM,11:48 PM,05:47 AM,07:09 PM,23,42,42,35,11,27,50,0.1,993,35,10,116,10,Gurgaon
2019-08-07 21:00:00,38,31,0.0,13.6,9,43,12:14 PM,11:48 PM,05:47 AM,07:09 PM,23,41,41,34,8,32,53,0.0,994,34,10,108,7,Gurgaon
2019-08-08 00:00:00,38,32,0.0,13.6,9,50,01:15 PM,No moonset,05:47 AM,07:08 PM,24,39,39,33,14,24,59,0.0,994,33,10,89,11,Gurgaon
2019-08-08 03:00:00,38,32,0.0,13.6,9,50,01:15 PM,No moonset,05:47 AM,07:08 PM,23,38,38,32,15,22,59,0.0,994,32,10,120,12,Gurgaon
2019-08-08 06:00:00,38,32,0.0,13.6,9,50,01:15 PM,No moonset,05:47 AM,07:08 PM,24,40,40,33,17,15,57,0.0,995,33,10,116,13,Gurgaon
2019-08-08 09:00:00,38,32,0.0,13.6,9,50,01:15 PM,No moonset,05:47 AM,07:08 PM,21,42,42,37,19,25,41,0.0,995,37,10,122,16,Gurgaon
2019-08-08 12:00:00,38,32,0.0,13.6,9,50,01:15 PM,No moonset,05:47 AM,07:08 PM,22,45,45,38,20,43,39,0.0,993,38,10,121,17,Gurgaon
2019-08-08 15:00:00,38,32,0.0,13.6,9,50,01:15 PM,No moonset,05:47 AM,07:08 PM,21,43,43,38,21,27,39,0.0,991,38,10,114,17,Gurgaon
2019-08-08 18:00:00,38,32,0.0,13.6,9,50,01:15 PM,No moonset,05:47 AM,07:08 PM,22,41,41,35,21,45,47,0.0,994,35,10,119,17,Gurgaon
2019-08-08 21:00:00,38,32,0.0,13.6,9,50,01:15 PM,No moonset,05:47 AM,07:08 PM,22,38,38,33,18,18,52,0.1,996,33,10,117,14,Gurgaon
2019-08-09 00:00:00,35,31,0.0,13.6,8,56,02:14 PM,12:28 AM,05:48 AM,07:07 PM,23,36,36,32,24,37,59,0.0,996,32,10,114,19,Gurgaon
2019-08-09 03:00:00,35,31,0.0,13.6,8,56,02:14 PM,12:28 AM,05:48 AM,07:07 PM,22,34,34,31,27,32,61,0.0,997,31,10,103,20,Gurgaon
2019-08-09 06:00:00,35,31,0.0,13.6,8,56,02:14 PM,12:28 AM,05:48 AM,07:07 PM,22,35,35,31,30,39,57,0.0,998,31,10,88,23,Gurgaon
2019-08-09 09:00:00,35,31,0.0,13.6,8,56,02:14 PM,12:28 AM,05:48 AM,07:07 PM,22,40,40,35,33,54,47,0.0,998,35,10,95,28,Gurgaon
2019-08-09 12:00:00,35,31,0.0,13.6,8,56,02:14 PM,12:28 AM,05:48 AM,07:07 PM,22,40,40,35,35,45,48,0.1,996,35,10,100,31,Gurgaon
2019-08-09 15:00:00,35,31,0.0,13.6,8,56,02:14 PM,12:28 AM,05:48 AM,07:07 PM,21,40,40,35,34,44,44,0.2,994,35,9,102,30,Gurgaon
2019-08-09 18:00:00,35,31,0.0,13.6,8,56,02:14 PM,12:28 AM,05:48 AM,07:07 PM,21,36,36,32,28,28,51,0.0,997,32,10,91,23,Gurgaon
2019-08-09 21:00:00,35,31,0.0,13.6,8,56,02:14 PM,12:28 AM,05:48 AM,07:07 PM,23,35,35,31,27,42,60,0.5,998,31,9,96,21,Gurgaon
2019-08-10 00:00:00,35,29,0.0,12.1,8,63,03:13 PM,01:11 AM,05:49 AM,07:06 PM,23,33,33,30,28,31,67,0.0,997,30,10,106,23,Gurgaon
2019-08-10 03:00:00,35,29,0.0,12.1,8,63,03:13 PM,01:11 AM,05:49 AM,07:06 PM,23,32,32,29,27,41,72,0.0,997,29,10,116,22,Gurgaon
2019-08-10 06:00:00,35,29,0.0,12.1,8,63,03:13 PM,01:11 AM,05:49 AM,07:06 PM,24,35,35,30,26,87,70,0.3,998,30,10,128,22,Gurgaon
2019-08-10 09:00:00,35,29,0.0,12.1,8,63,03:13 PM,01:11 AM,05:49 AM,07:06 PM,24,37,37,31,23,64,65,1.1,997,31,10,139,20,Gurgaon
2019-08-10 12:00:00,35,29,0.0,12.1,8,63,03:13 PM,01:11 AM,05:49 AM,07:06 PM,23,40,40,34,21,46,52,0.1,996,34,9,140,18,Gurgaon
2019-08-10 15:00:00,35,29,0.0,12.1,8,63,03:13 PM,01:11 AM,05:49 AM,07:06 PM,23,41,41,35,20,27,52,0.3,995,35,10,132,18,Gurgaon
2019-08-10 18:00:00,35,29,0.0,12.1,8,63,03:13 PM,01:11 AM,05:49 AM,07:06 PM,24,38,38,32,18,30,59,0.0,997,32,9,127,15,Gurgaon
2019-08-10 21:00:00,35,29,0.0,12.1,8,63,03:13 PM,01:11 AM,05:49 AM,07:06 PM,23,37,37,32,16,23,62,0.0,999,32,10,124,13,Gurgaon
2019-08-11 00:00:00,37,29,0.0,13.6,9,70,04:08 PM,01:57 AM,05:49 AM,07:05 PM,23,35,35,30,13,19,67,0.0,999,30,10,192,12,Gurgaon
2019-08-11 03:00:00,37,29,0.0,13.6,9,70,04:08 PM,01:57 AM,05:49 AM,07:05 PM,23,34,34,29,13,24,71,0.0,999,29,10,199,11,Gurgaon
2019-08-11 06:00:00,37,29,0.0,13.6,9,70,04:08 PM,01:57 AM,05:49 AM,07:05 PM,23,37,37,32,10,57,61,0.0,1000,32,10,194,8,Gurgaon
2019-08-11 09:00:00,37,29,0.0,13.6,9,70,04:08 PM,01:57 AM,05:49 AM,07:05 PM,23,41,41,35,10,35,48,0.0,999,35,9,192,9,Gurgaon
2019-08-11 12:00:00,37,29,0.0,13.6,9,70,04:08 PM,01:57 AM,05:49 AM,07:05 PM,22,43,43,37,12,43,41,0.0,997,37,9,182,11,Gurgaon
2019-08-11 15:00:00,37,29,0.0,13.6,9,70,04:08 PM,01:57 AM,05:49 AM,07:05 PM,22,43,43,37,14,46,43,0.0,995,37,9,179,12,Gurgaon
2019-08-11 18:00:00,37,29,0.0,13.6,9,70,04:08 PM,01:57 AM,05:49 AM,07:05 PM,22,40,40,35,11,44,49,0.0,998,35,10,197,10,Gurgaon
2019-08-11 21:00:00,37,29,0.0,13.6,9,70,04:08 PM,01:57 AM,05:49 AM,07:05 PM,23,39,39,34,11,44,53,0.0,999,34,10,194,9,Gurgaon
2019-08-12 00:00:00,38,31,0.0,13.5,8,77,05:00 PM,02:46 AM,05:50 AM,07:04 PM,24,36,36,31,13,24,69,3.2,999,31,7,247,10,Gurgaon
2019-08-12 03:00:00,38,31,0.0,13.5,8,77,05:00 PM,02:46 AM,05:50 AM,07:04 PM,24,37,37,31,23,24,68,5.5,998,31,7,272,13,Gurgaon
2019-08-12 06:00:00,38,31,0.0,13.5,8,77,05:00 PM,02:46 AM,05:50 AM,07:04 PM,24,39,39,32,30,25,61,0.4,1000,32,10,282,17,Gurgaon
2019-08-12 09:00:00,38,31,0.0,13.5,8,77,05:00 PM,02:46 AM,05:50 AM,07:04 PM,22,42,42,36,30,47,44,2.9,999,36,7,294,18,Gurgaon
2019-08-12 12:00:00,38,31,0.0,13.5,8,77,05:00 PM,02:46 AM,05:50 AM,07:04 PM,21,43,43,38,23,29,38,0.1,997,38,10,302,15,Gurgaon
2019-08-12 15:00:00,38,31,0.0,13.5,8,77,05:00 PM,02:46 AM,05:50 AM,07:04 PM,22,44,44,38,13,24,40,0.1,995,38,10,311,11,Gurgaon
2019-08-12 18:00:00,38,31,0.0,13.5,8,77,05:00 PM,02:46 AM,05:50 AM,07:04 PM,23,42,42,35,14,21,50,0.2,998,35,9,304,11,Gurgaon
2019-08-12 21:00:00,38,31,0.0,13.5,8,77,05:00 PM,02:46 AM,05:50 AM,07:04 PM,23,41,41,35,10,21,51,0.2,998,35,9,299,8,Gurgaon
2019-08-13 00:00:00,38,31,0.0,13.5,7,84,05:48 PM,03:38 AM,05:50 AM,07:03 PM,24,40,40,33,11,26,60,0.3,998,33,9,296,9,Gurgaon
2019-08-13 03:00:00,38,31,0.0,13.5,7,84,05:48 PM,03:38 AM,05:50 AM,07:03 PM,24,38,38,32,14,24,63,0.7,998,32,9,285,11,Gurgaon
2019-08-13 06:00:00,38,31,0.0,13.5,7,84,05:48 PM,03:38 AM,05:50 AM,07:03 PM,23,39,39,33,20,49,55,2.0,999,33,10,284,16,Gurgaon
2019-08-13 09:00:00,38,31,0.0,13.5,7,84,05:48 PM,03:38 AM,05:50 AM,07:03 PM,23,44,44,38,22,46,43,2.3,999,38,10,296,19,Gurgaon
2019-08-13 12:00:00,38,31,0.0,13.5,7,84,05:48 PM,03:38 AM,05:50 AM,07:03 PM,22,44,44,38,17,46,41,0.1,998,38,10,318,15,Gurgaon
2019-08-13 15:00:00,38,31,0.0,13.5,7,84,05:48 PM,03:38 AM,05:50 AM,07:03 PM,23,41,41,35,13,31,52,1.4,996,35,9,252,10,Gurgaon
2019-08-13 18:00:00,38,31,0.0,13.5,7,84,05:48 PM,03:38 AM,05:50 AM,07:03 PM,25,38,38,31,13,26,70,5.2,999,31,7,123,8,Gurgaon
2019-08-13 21:00:00,38,31,0.0,13.5,7,84,05:48 PM,03:38 AM,05:50 AM,07:03 PM,24,39,39,32,11,31,64,9.0,1000,32,3,217,5,Gurgaon
2019-08-14 00:00:00,37,29,0.0,13.5,7,90,06:31 PM,04:31 AM,05:51 AM,07:02 PM,24,35,35,30,9,47,72,9.0,1000,30,3,190,6,Gurgaon
2019-08-14 03:00:00,37,29,0.0,13.5,7,90,06:31 PM,04:31 AM,05:51 AM,07:02 PM,24,35,35,29,8,54,75,11.5,1000,29,3,229,5,Gurgaon
2019-08-14 06:00:00,37,29,0.0,13.5,7,90,06:31 PM,04:31 AM,05:51 AM,07:02 PM,24,37,37,31,5,48,66,4.8,1001,31,7,250,4,Gurgaon
2019-08-14 09:00:00,37,29,0.0,13.5,7,90,06:31 PM,04:31 AM,05:51 AM,07:02 PM,24,41,41,34,11,36,55,7.9,1000,34,3,245,6,Gurgaon
2019-08-14 12:00:00,37,29,0.0,13.5,7,90,06:31 PM,04:31 AM,05:51 AM,07:02 PM,22,42,42,37,18,38,41,0.5,999,37,9,157,12,Gurgaon
2019-08-14 15:00:00,37,29,0.0,13.5,7,90,06:31 PM,04:31 AM,05:51 AM,07:02 PM,22,43,43,37,13,31,44,0.5,997,37,9,144,11,Gurgaon
2019-08-14 18:00:00,37,29,0.0,13.5,7,90,06:31 PM,04:31 AM,05:51 AM,07:02 PM,24,42,42,35,9,25,52,0.0,1000,35,10,130,7,Gurgaon
2019-08-14 21:00:00,37,29,0.0,13.5,7,90,06:31 PM,04:31 AM,05:51 AM,07:02 PM,24,38,38,33,8,24,59,0.0,1001,33,10,113,6,Gurgaon
2019-08-15 00:00:00,36,30,0.0,13.3,8,97,07:11 PM,05:25 AM,05:51 AM,07:02 PM,23,37,37,32,12,55,62,0.0,1001,32,10,108,9,Gurgaon
2019-08-15 03:00:00,36,30,0.0,13.3,8,97,07:11 PM,05:25 AM,05:51 AM,07:02 PM,23,35,35,31,19,32,65,0.8,1001,31,9,124,13,Gurgaon
2019-08-15 06:00:00,36,30,0.0,13.3,8,97,07:11 PM,05:25 AM,05:51 AM,07:02 PM,23,35,35,30,15,37,64,0.1,1002,30,10,123,12,Gurgaon
2019-08-15 09:00:00,36,30,0.0,13.3,8,97,07:11 PM,05:25 AM,05:51 AM,07:02 PM,23,39,39,34,19,69,52,0.1,1001,34,10,110,15,Gurgaon
2019-08-15 12:00:00,36,30,0.0,13.3,8,97,07:11 PM,05:25 AM,05:51 AM,07:02 PM,22,42,42,36,25,46,44,0.1,999,36,10,92,20,Gurgaon
2019-08-15 15:00:00,36,30,0.0,13.3,8,97,07:11 PM,05:25 AM,05:51 AM,07:02 PM,23,41,41,35,28,32,48,0.1,997,35,10,88,24,Gurgaon
2019-08-15 18:00:00,36,30,0.0,13.3,8,97,07:11 PM,05:25 AM,05:51 AM,07:02 PM,23,38,38,33,27,31,57,0.1,1000,33,10,90,21,Gurgaon
2019-08-15 21:00:00,36,30,0.0,13.3,8,97,07:11 PM,05:25 AM,05:51 AM,07:02 PM,23,36,36,31,26,47,62,0.1,1000,31,10,85,19,Gurgaon
2019-08-16 00:00:00,32,28,0.0,9.6,8,96,07:47 PM,06:18 AM,05:52 AM,07:01 PM,23,34,34,30,23,37,66,0.0,999,30,10,96,19,Gurgaon
2019-08-16 03:00:00,32,28,0.0,9.6,8,96,07:47 PM,06:18 AM,05:52 AM,07:01 PM,22,31,31,28,22,24,70,0.0,999,28,10,103,18,Gurgaon
2019-08-16 06:00:00,32,28,0.0,9.6,8,96,07:47 PM,06:18 AM,05:52 AM,07:01 PM,23,33,33,29,24,73,69,0.1,1000,29,10,99,21,Gurgaon
2019-08-16 09:00:00,32,28,0.0,9.6,8,96,07:47 PM,06:18 AM,05:52 AM,07:01 PM,23,37,37,32,28,87,59,0.2,999,32,10,104,24,Gurgaon
2019-08-16 12:00:00,32,28,0.0,9.6,8,96,07:47 PM,06:18 AM,05:52 AM,07:01 PM,22,36,36,32,26,48,57,0.6,997,32,9,110,22,Gurgaon
2019-08-16 15:00:00,32,28,0.0,9.6,8,96,07:47 PM,06:18 AM,05:52 AM,07:01 PM,22,32,32,29,26,67,65,1.0,996,29,10,103,20,Gurgaon
2019-08-16 18:00:00,32,28,0.0,9.6,8,96,07:47 PM,06:18 AM,05:52 AM,07:01 PM,24,32,32,28,25,82,78,0.0,997,28,10,104,19,Gurgaon
2019-08-16 21:00:00,32,28,0.0,9.6,8,96,07:47 PM,06:18 AM,05:52 AM,07:01 PM,23,32,32,28,20,69,75,0.1,998,28,10,106,17,Gurgaon
2019-08-17 00:00:00,30,27,0.0,10.9,6,89,08:20 PM,07:11 AM,05:52 AM,07:00 PM,23,31,31,27,19,100,77,0.2,997,27,10,102,15,Gurgaon
2019-08-17 03:00:00,30,27,0.0,10.9,6,89,08:20 PM,07:11 AM,05:52 AM,07:00 PM,23,30,30,27,18,100,80,0.4,997,27,10,100,15,Gurgaon
2019-08-17 06:00:00,30,27,0.0,10.9,6,89,08:20 PM,07:11 AM,05:52 AM,07:00 PM,24,30,30,27,19,100,86,1.4,998,27,9,104,16,Gurgaon
2019-08-17 09:00:00,30,27,0.0,10.9,6,89,08:20 PM,07:11 AM,05:52 AM,07:00 PM,24,35,35,30,18,81,72,4.3,998,30,7,111,15,Gurgaon
2019-08-17 12:00:00,30,27,0.0,10.9,6,89,08:20 PM,07:11 AM,05:52 AM,07:00 PM,24,35,35,30,23,55,70,4.2,998,30,7,122,17,Gurgaon
2019-08-17 15:00:00,30,27,0.0,10.9,6,89,08:20 PM,07:11 AM,05:52 AM,07:00 PM,24,36,36,30,41,64,69,16.5,996,30,3,147,23,Gurgaon
2019-08-17 18:00:00,30,27,0.0,10.9,6,89,08:20 PM,07:11 AM,05:52 AM,07:00 PM,24,33,33,28,40,56,78,4.4,1000,28,7,169,19,Gurgaon
2019-08-17 21:00:00,30,27,0.0,10.9,6,89,08:20 PM,07:11 AM,05:52 AM,07:00 PM,24,31,31,27,36,100,84,4.6,1000,27,7,154,19,Gurgaon
2019-08-18 00:00:00,35,26,0.0,13.1,7,83,08:52 PM,08:03 AM,05:53 AM,06:59 PM,24,30,30,26,23,57,86,1.4,1000,26,10,201,12,Gurgaon
2019-08-18 03:00:00,35,26,0.0,13.1,7,83,08:52 PM,08:03 AM,05:53 AM,06:59 PM,23,29,29,26,40,100,84,1.5,1000,26,10,230,19,Gurgaon
2019-08-18 06:00:00,35,26,0.0,13.1,7,83,08:52 PM,08:03 AM,05:53 AM,06:59 PM,24,33,33,29,24,40,76,0.7,1003,29,5,244,13,Gurgaon
2019-08-18 09:00:00,35,26,0.0,13.1,7,83,08:52 PM,08:03 AM,05:53 AM,06:59 PM,22,37,37,32,13,22,56,0.7,1003,32,9,298,12,Gurgaon
2019-08-18 12:00:00,35,26,0.0,13.1,7,83,08:52 PM,08:03 AM,05:53 AM,06:59 PM,22,40,40,35,16,20,47,0.0,1001,35,10,324,14,Gurgaon
2019-08-18 15:00:00,35,26,0.0,13.1,7,83,08:52 PM,08:03 AM,05:53 AM,06:59 PM,23,40,40,34,19,9,51,0.0,1000,34,10,337,17,Gurgaon
2019-08-18 18:00:00,35,26,0.0,13.1,7,83,08:52 PM,08:03 AM,05:53 AM,06:59 PM,25,42,42,34,15,3,60,0.0,1003,34,10,341,13,Gurgaon
2019-08-18 21:00:00,35,26,0.0,13.1,7,83,08:52 PM,08:03 AM,05:53 AM,06:59 PM,24,35,35,30,7,7,71,0.0,1004,30,10,238,6,Gurgaon
2019-08-19 00:00:00,36,29,0.0,13.1,8,76,09:23 PM,08:55 AM,05:53 AM,06:58 PM,24,35,35,30,4,5,71,0.0,1003,30,10,90,4,Gurgaon
2019-08-19 03:00:00,36,29,0.0,13.1,8,76,09:23 PM,08:55 AM,05:53 AM,06:58 PM,23,33,33,29,6,12,72,0.0,1003,29,10,239,5,Gurgaon
2019-08-19 06:00:00,36,29,0.0,13.1,8,76,09:23 PM,08:55 AM,05:53 AM,06:58 PM,24,36,36,31,6,22,69,0.5,1004,31,9,257,5,Gurgaon
2019-08-19 09:00:00,36,29,0.0,13.1,8,76,09:23 PM,08:55 AM,05:53 AM,06:58 PM,22,39,39,35,5,34,47,0.8,1004,35,9,218,4,Gurgaon
2019-08-19 12:00:00,36,29,0.0,13.1,8,76,09:23 PM,08:55 AM,05:53 AM,06:58 PM,21,40,40,36,11,43,41,0.0,1002,36,10,320,9,Gurgaon
2019-08-19 15:00:00,36,29,0.0,13.1,8,76,09:23 PM,08:55 AM,05:53 AM,06:58 PM,21,40,40,36,17,27,43,0.0,1000,36,10,316,14,Gurgaon
2019-08-19 18:00:00,36,29,0.0,13.1,8,76,09:23 PM,08:55 AM,05:53 AM,06:58 PM,22,39,39,34,14,17,49,0.0,1003,34,10,219,12,Gurgaon
2019-08-19 21:00:00,36,29,0.0,13.1,8,76,09:23 PM,08:55 AM,05:53 AM,06:58 PM,23,39,39,33,7,10,55,0.0,1003,33,10,122,6,Gurgaon
2019-08-20 00:00:00,37,30,0.0,13.0,9,69,09:54 PM,09:47 AM,05:54 AM,06:57 PM,24,38,38,32,4,5,64,0.1,1002,32,10,331,3,Gurgaon
2019-08-20 03:00:00,37,30,0.0,13.0,9,69,09:54 PM,09:47 AM,05:54 AM,06:57 PM,24,35,35,30,3,11,68,0.5,1003,30,10,325,3,Gurgaon
2019-08-20 06:00:00,37,30,0.0,13.0,9,69,09:54 PM,09:47 AM,05:54 AM,06:57 PM,23,36,36,31,9,19,63,0.2,1004,31,9,342,8,Gurgaon
2019-08-20 09:00:00,37,30,0.0,13.0,9,69,09:54 PM,09:47 AM,05:54 AM,06:57 PM,21,40,40,36,16,8,43,0.2,1003,36,10,331,14,Gurgaon
2019-08-20 12:00:00,37,30,0.0,13.0,9,69,09:54 PM,09:47 AM,05:54 AM,06:57 PM,19,40,40,37,18,16,35,0.0,1001,37,10,337,15,Gurgaon
2019-08-20 15:00:00,37,30,0.0,13.0,9,69,09:54 PM,09:47 AM,05:54 AM,06:57 PM,19,39,39,37,21,5,35,0.0,1000,37,10,328,18,Gurgaon
2019-08-20 18:00:00,37,30,0.0,13.0,9,69,09:54 PM,09:47 AM,05:54 AM,06:57 PM,21,39,39,35,18,2,42,0.0,1001,35,10,334,16,Gurgaon
2019-08-20 21:00:00,37,30,0.0,13.0,9,69,09:54 PM,09:47 AM,05:54 AM,06:57 PM,21,38,38,34,12,6,47,0.0,1002,34,10,333,10,Gurgaon
2019-08-21 00:00:00,39,31,0.0,13.0,9,62,10:26 PM,10:39 AM,05:54 AM,06:56 PM,21,36,36,32,5,8,52,0.0,1001,32,10,289,4,Gurgaon
2019-08-21 03:00:00,39,31,0.0,13.0,9,62,10:26 PM,10:39 AM,05:54 AM,06:56 PM,21,34,34,31,7,9,55,0.0,1002,31,10,254,6,Gurgaon
2019-08-21 06:00:00,39,31,0.0,13.0,9,62,10:26 PM,10:39 AM,05:54 AM,06:56 PM,22,38,38,33,10,11,53,0.4,1002,33,10,266,8,Gurgaon
2019-08-21 09:00:00,39,31,0.0,13.0,9,62,10:26 PM,10:39 AM,05:54 AM,06:56 PM,20,41,41,37,12,14,38,0.4,1001,37,9,292,9,Gurgaon
2019-08-21 12:00:00,39,31,0.0,13.0,9,62,10:26 PM,10:39 AM,05:54 AM,06:56 PM,17,41,41,39,21,7,29,0.0,999,39,10,313,17,Gurgaon
2019-08-21 15:00:00,39,31,0.0,13.0,9,62,10:26 PM,10:39 AM,05:54 AM,06:56 PM,18,42,42,39,21,7,31,0.0,998,39,10,316,18,Gurgaon
2019-08-21 18:00:00,39,31,0.0,13.0,9,62,10:26 PM,10:39 AM,05:54 AM,06:56 PM,19,39,39,36,16,4,36,0.0,1000,36,10,223,13,Gurgaon
2019-08-21 21:00:00,39,31,0.0,13.0,9,62,10:26 PM,10:39 AM,05:54 AM,06:56 PM,20,36,36,33,17,46,46,0.0,1001,33,10,74,13,Gurgaon
2019-08-22 00:00:00,37,29,0.0,13.0,8,55,11:01 PM,11:33 AM,05:55 AM,06:55 PM,23,36,36,31,17,43,61,0.4,1001,31,9,144,13,Gurgaon
2019-08-22 03:00:00,37,29,0.0,13.0,8,55,11:01 PM,11:33 AM,05:55 AM,06:55 PM,23,33,33,29,13,23,70,1.3,1002,29,9,152,10,Gurgaon
2019-08-22 06:00:00,37,29,0.0,13.0,8,55,11:01 PM,11:33 AM,05:55 AM,06:55 PM,22,38,38,33,12,9,51,1.4,1003,33,9,183,9,Gurgaon
2019-08-22 09:00:00,37,29,0.0,13.0,8,55,11:01 PM,11:33 AM,05:55 AM,06:55 PM,20,40,40,37,12,27,37,1.4,1002,37,9,272,8,Gurgaon
2019-08-22 12:00:00,37,29,0.0,13.0,8,55,11:01 PM,11:33 AM,05:55 AM,06:55 PM,20,40,40,36,12,22,40,0.0,1000,36,10,232,9,Gurgaon
2019-08-22 15:00:00,37,29,0.0,13.0,8,55,11:01 PM,11:33 AM,05:55 AM,06:55 PM,20,41,41,37,8,13,38,0.1,999,37,10,67,7,Gurgaon
2019-08-22 18:00:00,37,29,0.0,13.0,8,55,11:01 PM,11:33 AM,05:55 AM,06:55 PM,23,39,39,33,11,7,56,0.1,1000,33,10,72,10,Gurgaon
2019-08-22 21:00:00,37,29,0.0,13.0,8,55,11:01 PM,11:33 AM,05:55 AM,06:55 PM,23,35,35,31,15,5,66,0.1,1001,31,10,144,13,Gurgaon
2019-08-23 00:00:00,39,29,0.0,13.0,9,49,11:40 PM,12:29 PM,05:55 AM,06:54 PM,23,35,35,31,13,17,63,0.0,1001,31,10,172,10,Gurgaon
2019-08-23 03:00:00,39,29,0.0,13.0,9,49,11:40 PM,12:29 PM,05:55 AM,06:54 PM,22,33,33,29,11,32,66,0.0,1001,29,10,170,8,Gurgaon
2019-08-23 06:00:00,39,29,0.0,13.0,9,49,11:40 PM,12:29 PM,05:55 AM,06:54 PM,23,37,37,32,10,40,62,1.4,1002,32,10,185,7,Gurgaon
2019-08-23 09:00:00,39,29,0.0,13.0,9,49,11:40 PM,12:29 PM,05:55 AM,06:54 PM,22,43,43,37,8,29,42,2.3,1002,37,9,129,5,Gurgaon
2019-08-23 12:00:00,39,29,0.0,13.0,9,49,11:40 PM,12:29 PM,05:55 AM,06:54 PM,20,43,43,39,5,20,34,0.0,999,39,10,145,4,Gurgaon
2019-08-23 15:00:00,39,29,0.0,13.0,9,49,11:40 PM,12:29 PM,05:55 AM,06:54 PM,20,41,41,37,11,44,39,0.0,998,37,10,334,9,Gurgaon
2019-08-23 18:00:00,39,29,0.0,13.0,9,49,11:40 PM,12:29 PM,05:55 AM,06:54 PM,21,40,40,36,12,15,40,0.0,1000,36,10,249,10,Gurgaon
2019-08-23 21:00:00,39,29,0.0,13.0,9,49,11:40 PM,12:29 PM,05:55 AM,06:54 PM,22,38,38,34,9,7,50,0.0,1001,34,10,95,7,Gurgaon
2019-08-24 00:00:00,38,31,0.0,13.0,9,42,No moonrise,01:27 PM,05:56 AM,06:53 PM,22,37,37,32,10,10,56,0.0,1000,32,10,145,8,Gurgaon
2019-08-24 03:00:00,38,31,0.0,13.0,9,42,No moonrise,01:27 PM,05:56 AM,06:53 PM,23,36,36,31,9,8,61,0.0,1001,31,10,152,8,Gurgaon
2019-08-24 06:00:00,38,31,0.0,13.0,9,42,No moonrise,01:27 PM,05:56 AM,06:53 PM,23,39,39,33,8,18,54,0.3,1002,33,9,166,6,Gurgaon
2019-08-24 09:00:00,38,31,0.0,13.0,9,42,No moonrise,01:27 PM,05:56 AM,06:53 PM,20,42,42,38,6,22,36,0.3,1002,38,9,219,6,Gurgaon
2019-08-24 12:00:00,38,31,0.0,13.0,9,42,No moonrise,01:27 PM,05:56 AM,06:53 PM,20,42,42,38,7,59,35,0.2,1000,38,10,299,6,Gurgaon
2019-08-24 15:00:00,38,31,0.0,13.0,9,42,No moonrise,01:27 PM,05:56 AM,06:53 PM,22,40,40,35,10,58,45,0.6,999,35,10,246,8,Gurgaon
2019-08-24 18:00:00,38,31,0.0,13.0,9,42,No moonrise,01:27 PM,05:56 AM,06:53 PM,23,40,40,34,12,15,55,0.8,1001,34,9,70,9,Gurgaon
2019-08-24 21:00:00,38,31,0.0,13.0,9,42,No moonrise,01:27 PM,05:56 AM,06:53 PM,24,36,36,31,14,18,65,0.8,1001,31,9,113,11,Gurgaon
2019-08-25 00:00:00,36,29,0.0,13.0,8,35,12:23 AM,02:27 PM,05:56 AM,06:51 PM,24,34,34,30,18,24,71,0.1,1001,30,10,142,14,Gurgaon
2019-08-25 03:00:00,36,29,0.0,13.0,8,35,12:23 AM,02:27 PM,05:56 AM,06:51 PM,23,32,32,29,12,33,74,0.1,1001,29,10,140,10,Gurgaon
2019-08-25 06:00:00,36,29,0.0,13.0,8,35,12:23 AM,02:27 PM,05:56 AM,06:51 PM,24,36,36,31,11,24,66,0.0,1003,31,10,127,9,Gurgaon
2019-08-25 09:00:00,36,29,0.0,13.0,8,35,12:23 AM,02:27 PM,05:56 AM,06:51 PM,22,40,40,35,11,28,49,0.3,1003,35,9,130,9,Gurgaon
2019-08-25 12:00:00,36,29,0.0,13.0,8,35,12:23 AM,02:27 PM,05:56 AM,06:51 PM,21,40,40,36,11,50,43,0.0,1001,36,10,119,10,Gurgaon
2019-08-25 15:00:00,36,29,0.0,13.0,8,35,12:23 AM,02:27 PM,05:56 AM,06:51 PM,22,38,38,33,13,52,55,0.0,999,33,10,125,11,Gurgaon
2019-08-25 18:00:00,36,29,0.0,13.0,8,35,12:23 AM,02:27 PM,05:56 AM,06:51 PM,20,34,34,31,15,44,53,0.0,1002,31,10,130,12,Gurgaon
2019-08-25 21:00:00,36,29,0.0,13.0,8,35,12:23 AM,02:27 PM,05:56 AM,06:51 PM,22,34,34,30,15,46,60,1.0,1002,30,10,122,12,Gurgaon
2019-08-26 00:00:00,36,29,0.0,12.9,7,28,01:14 AM,03:28 PM,05:57 AM,06:50 PM,23,34,34,30,12,45,69,2.0,1002,30,10,130,10,Gurgaon
2019-08-26 03:00:00,36,29,0.0,12.9,7,28,01:14 AM,03:28 PM,05:57 AM,06:50 PM,23,32,32,29,11,52,74,2.7,1002,29,7,129,9,Gurgaon
2019-08-26 06:00:00,36,29,0.0,12.9,7,28,01:14 AM,03:28 PM,05:57 AM,06:50 PM,24,36,36,31,12,25,66,0.6,1002,31,9,116,10,Gurgaon
2019-08-26 09:00:00,36,29,0.0,12.9,7,28,01:14 AM,03:28 PM,05:57 AM,06:50 PM,23,40,40,35,21,35,50,2.3,1001,35,9,102,16,Gurgaon
2019-08-26 12:00:00,36,29,0.0,12.9,7,28,01:14 AM,03:28 PM,05:57 AM,06:50 PM,22,41,41,36,23,47,42,0.5,1000,36,9,106,17,Gurgaon
2019-08-26 15:00:00,36,29,0.0,12.9,7,28,01:14 AM,03:28 PM,05:57 AM,06:50 PM,22,41,41,35,20,31,47,0.5,998,35,9,115,15,Gurgaon
2019-08-26 18:00:00,36,29,0.0,12.9,7,28,01:14 AM,03:28 PM,05:57 AM,06:50 PM,23,38,38,33,15,21,58,2.9,1001,33,7,114,12,Gurgaon
2019-08-26 21:00:00,36,29,0.0,12.9,7,28,01:14 AM,03:28 PM,05:57 AM,06:50 PM,23,37,37,32,14,20,59,3.1,1001,32,7,99,10,Gurgaon
2019-08-27 00:00:00,37,31,0.0,12.9,9,22,02:11 AM,04:26 PM,05:57 AM,06:49 PM,23,36,36,31,14,26,63,0.0,1000,31,10,93,11,Gurgaon
2019-08-27 03:00:00,37,31,0.0,12.9,9,22,02:11 AM,04:26 PM,05:57 AM,06:49 PM,24,36,36,31,13,12,67,0.0,1001,31,10,99,10,Gurgaon
2019-08-27 06:00:00,37,31,0.0,12.9,9,22,02:11 AM,04:26 PM,05:57 AM,06:49 PM,24,38,38,32,14,12,63,0.0,1002,32,10,120,10,Gurgaon
2019-08-27 09:00:00,37,31,0.0,12.9,9,22,02:11 AM,04:26 PM,05:57 AM,06:49 PM,23,41,41,35,13,23,48,0.0,1002,35,10,130,11,Gurgaon
2019-08-27 12:00:00,37,31,0.0,12.9,9,22,02:11 AM,04:26 PM,05:57 AM,06:49 PM,22,43,43,37,13,34,41,0.0,999,37,10,121,12,Gurgaon
2019-08-27 15:00:00,37,31,0.0,12.9,9,22,02:11 AM,04:26 PM,05:57 AM,06:49 PM,23,43,43,36,13,42,45,0.0,998,36,10,119,12,Gurgaon
2019-08-27 18:00:00,37,31,0.0,12.9,9,22,02:11 AM,04:26 PM,05:57 AM,06:49 PM,23,41,41,35,10,18,51,0.0,1000,35,10,122,9,Gurgaon
2019-08-27 21:00:00,37,31,0.0,12.9,9,22,02:11 AM,04:26 PM,05:57 AM,06:49 PM,23,40,40,34,9,8,53,0.0,1001,34,10,109,8,Gurgaon
2019-08-28 00:00:00,38,30,0.0,12.9,9,15,03:14 AM,05:23 PM,05:58 AM,06:48 PM,23,37,37,32,9,16,59,0.0,1001,32,10,96,8,Gurgaon
2019-08-28 03:00:00,38,30,0.0,12.9,9,15,03:14 AM,05:23 PM,05:58 AM,06:48 PM,24,35,35,30,12,14,70,0.5,1001,30,9,107,9,Gurgaon
2019-08-28 06:00:00,38,30,0.0,12.9,9,15,03:14 AM,05:23 PM,05:58 AM,06:48 PM,24,39,39,33,15,16,61,0.9,1003,33,9,122,11,Gurgaon
2019-08-28 09:00:00,38,30,0.0,12.9,9,15,03:14 AM,05:23 PM,05:58 AM,06:48 PM,22,42,42,36,18,32,44,0.9,1002,36,9,122,14,Gurgaon
2019-08-28 12:00:00,38,30,0.0,12.9,9,15,03:14 AM,05:23 PM,05:58 AM,06:48 PM,22,44,44,38,19,25,39,0.0,1000,38,10,107,15,Gurgaon
2019-08-28 15:00:00,38,30,0.0,12.9,9,15,03:14 AM,05:23 PM,05:58 AM,06:48 PM,22,43,43,37,18,23,43,0.0,998,37,10,108,15,Gurgaon
2019-08-28 18:00:00,38,30,0.0,12.9,9,15,03:14 AM,05:23 PM,05:58 AM,06:48 PM,23,41,41,34,17,10,52,0.1,1002,34,10,112,14,Gurgaon
2019-08-28 21:00:00,38,30,0.0,12.9,9,15,03:14 AM,05:23 PM,05:58 AM,06:48 PM,23,39,39,33,17,11,53,0.0,1002,33,10,122,13,Gurgaon
2019-08-29 00:00:00,37,31,0.0,12.9,9,8,04:22 AM,06:14 PM,05:58 AM,06:47 PM,23,37,37,32,18,18,58,0.0,1002,32,10,126,13,Gurgaon
2019-08-29 03:00:00,37,31,0.0,12.9,9,8,04:22 AM,06:14 PM,05:58 AM,06:47 PM,23,35,35,31,14,12,63,0.0,1003,31,10,124,12,Gurgaon
2019-08-29 06:00:00,37,31,0.0,12.9,9,8,04:22 AM,06:14 PM,05:58 AM,06:47 PM,24,39,39,33,12,18,59,0.0,1004,33,10,126,10,Gurgaon
2019-08-29 09:00:00,37,31,0.0,12.9,9,8,04:22 AM,06:14 PM,05:58 AM,06:47 PM,22,42,42,36,14,34,44,0.0,1003,36,10,127,12,Gurgaon
2019-08-29 12:00:00,37,31,0.0,12.9,9,8,04:22 AM,06:14 PM,05:58 AM,06:47 PM,22,43,43,37,17,46,41,0.0,1001,37,10,124,14,Gurgaon
2019-08-29 15:00:00,37,31,0.0,12.9,9,8,04:22 AM,06:14 PM,05:58 AM,06:47 PM,23,42,42,36,18,43,46,0.0,999,36,10,131,15,Gurgaon
2019-08-29 18:00:00,37,31,0.0,12.9,9,8,04:22 AM,06:14 PM,05:58 AM,06:47 PM,23,40,40,34,15,25,53,0.1,1002,34,10,137,13,Gurgaon
2019-08-29 21:00:00,37,31,0.0,12.9,9,8,04:22 AM,06:14 PM,05:58 AM,06:47 PM,23,39,39,33,11,23,54,0.1,1001,33,10,139,9,Gurgaon
2019-08-30 00:00:00,38,31,0.0,12.9,9,1,05:32 AM,07:01 PM,05:59 AM,06:46 PM,23,37,37,33,11,28,56,0.1,1002,33,10,145,9,Gurgaon
2019-08-30 03:00:00,38,31,0.0,12.9,9,1,05:32 AM,07:01 PM,05:59 AM,06:46 PM,22,36,36,31,10,21,59,0.1,1001,31,10,151,7,Gurgaon
2019-08-30 06:00:00,38,31,0.0,12.9,9,1,05:32 AM,07:01 PM,05:59 AM,06:46 PM,24,39,39,33,10,20,58,0.0,1003,33,10,137,8,Gurgaon
2019-08-30 09:00:00,38,31,0.0,12.9,9,1,05:32 AM,07:01 PM,05:59 AM,06:46 PM,22,43,43,37,9,43,42,0.0,1001,37,10,116,8,Gurgaon
2019-08-30 12:00:00,38,31,0.0,12.9,9,1,05:32 AM,07:01 PM,05:59 AM,06:46 PM,21,44,44,38,10,27,37,0.0,998,38,10,125,9,Gurgaon
2019-08-30 15:00:00,38,31,0.0,12.9,9,1,05:32 AM,07:01 PM,05:59 AM,06:46 PM,22,43,43,37,9,45,41,0.1,997,37,10,106,8,Gurgaon
2019-08-30 18:00:00,38,31,0.0,12.9,9,1,05:32 AM,07:01 PM,05:59 AM,06:46 PM,23,40,40,34,8,28,52,0.3,998,34,9,64,6,Gurgaon
2019-08-30 21:00:00,38,31,0.0,12.9,9,1,05:32 AM,07:01 PM,05:59 AM,06:46 PM,23,40,40,34,9,30,54,0.7,998,34,9,169,6,Gurgaon
2019-08-31 00:00:00,40,32,0.0,12.9,8,5,06:41 AM,07:45 PM,05:59 AM,06:45 PM,24,39,39,33,8,23,59,2.0,998,33,9,178,6,Gurgaon
2019-08-31 03:00:00,40,32,0.0,12.9,8,5,06:41 AM,07:45 PM,05:59 AM,06:45 PM,24,38,38,32,10,23,61,2.6,998,32,7,171,7,Gurgaon
2019-08-31 06:00:00,40,32,0.0,12.9,8,5,06:41 AM,07:45 PM,05:59 AM,06:45 PM,24,40,40,34,8,16,56,0.0,1000,34,10,173,6,Gurgaon
2019-08-31 09:00:00,40,32,0.0,12.9,8,5,06:41 AM,07:45 PM,05:59 AM,06:45 PM,23,45,45,38,5,21,41,0.0,998,38,10,164,4,Gurgaon
2019-08-31 12:00:00,40,32,0.0,12.9,8,5,06:41 AM,07:45 PM,05:59 AM,06:45 PM,21,46,46,40,2,18,33,0.0,997,40,10,191,1,Gurgaon
2019-08-31 15:00:00,40,32,0.0,12.9,8,5,06:41 AM,07:45 PM,05:59 AM,06:45 PM,22,44,44,38,3,55,38,0.1,995,38,10,278,3,Gurgaon
2019-08-31 18:00:00,40,32,0.0,12.9,8,5,06:41 AM,07:45 PM,05:59 AM,06:45 PM,23,42,42,36,8,43,46,0.3,998,36,9,267,6,Gurgaon
2019-08-31 21:00:00,40,32,0.0,12.9,8,5,06:41 AM,07:45 PM,05:59 AM,06:45 PM,23,40,40,35,9,31,50,0.5,999,35,9,91,7,Gurgaon
2019-09-01 00:00:00,37,31,0.0,12.4,7,12,07:50 AM,08:25 PM,06:00 AM,06:44 PM,24,39,39,33,8,33,61,4.1,999,33,7,109,5,Gurgaon
2019-09-01 03:00:00,37,31,0.0,12.4,7,12,07:50 AM,08:25 PM,06:00 AM,06:44 PM,24,36,36,31,12,32,68,4.2,999,31,7,136,8,Gurgaon
2019-09-01 06:00:00,37,31,0.0,12.4,7,12,07:50 AM,08:25 PM,06:00 AM,06:44 PM,25,40,40,33,14,27,63,4.7,1000,33,7,182,9,Gurgaon
2019-09-01 09:00:00,37,31,0.0,12.4,7,12,07:50 AM,08:25 PM,06:00 AM,06:44 PM,23,43,43,36,21,32,47,7.4,1000,36,7,160,12,Gurgaon
2019-09-01 12:00:00,37,31,0.0,12.4,7,12,07:50 AM,08:25 PM,06:00 AM,06:44 PM,23,43,43,37,18,22,45,0.0,999,37,10,145,11,Gurgaon
2019-09-01 15:00:00,37,31,0.0,12.4,7,12,07:50 AM,08:25 PM,06:00 AM,06:44 PM,23,42,42,35,16,47,51,0.2,997,35,9,135,14,Gurgaon
2019-09-01 18:00:00,37,31,0.0,12.4,7,12,07:50 AM,08:25 PM,06:00 AM,06:44 PM,23,38,38,33,21,17,58,0.0,1000,33,10,120,17,Gurgaon
2019-09-01 21:00:00,37,31,0.0,12.4,7,12,07:50 AM,08:25 PM,06:00 AM,06:44 PM,24,38,38,32,19,16,64,0.0,1000,32,10,110,14,Gurgaon
2019-09-02 00:00:00,39,30,0.0,12.4,9,19,08:56 AM,09:05 PM,06:00 AM,06:43 PM,24,36,36,31,17,18,66,0.0,1000,31,10,118,13,Gurgaon
2019-09-02 03:00:00,39,30,0.0,12.4,9,19,08:56 AM,09:05 PM,06:00 AM,06:43 PM,24,35,35,30,17,23,68,0.0,1001,30,10,123,12,Gurgaon
2019-09-02 06:00:00,39,30,0.0,12.4,9,19,08:56 AM,09:05 PM,06:00 AM,06:43 PM,24,38,38,32,14,20,63,0.0,1003,32,10,121,9,Gurgaon
2019-09-02 09:00:00,39,30,0.0,12.4,9,19,08:56 AM,09:05 PM,06:00 AM,06:43 PM,23,44,44,37,13,24,46,0.0,1001,37,10,134,10,Gurgaon
2019-09-02 12:00:00,39,30,0.0,12.4,9,19,08:56 AM,09:05 PM,06:00 AM,06:43 PM,22,45,45,39,9,43,39,0.1,999,39,10,178,6,Gurgaon
2019-09-02 15:00:00,39,30,0.0,12.4,9,19,08:56 AM,09:05 PM,06:00 AM,06:43 PM,23,43,43,37,5,46,44,0.0,997,37,10,255,4,Gurgaon
2019-09-02 18:00:00,39,30,0.0,12.4,9,19,08:56 AM,09:05 PM,06:00 AM,06:43 PM,23,41,41,35,10,44,49,0.1,999,35,10,281,9,Gurgaon
2019-09-02 21:00:00,39,30,0.0,12.4,9,19,08:56 AM,09:05 PM,06:00 AM,06:43 PM,23,41,41,35,8,29,52,0.0,999,35,10,184,6,Gurgaon
2019-09-03 00:00:00,38,31,0.0,11.6,8,26,10:01 AM,09:45 PM,06:01 AM,06:41 PM,25,40,40,33,10,23,63,1.8,999,33,9,64,8,Gurgaon
2019-09-03 03:00:00,38,31,0.0,11.6,8,26,10:01 AM,09:45 PM,06:01 AM,06:41 PM,24,37,37,31,13,23,68,3.5,1000,31,7,128,10,Gurgaon
2019-09-03 06:00:00,38,31,0.0,11.6,8,26,10:01 AM,09:45 PM,06:01 AM,06:41 PM,24,41,41,34,8,20,55,4.5,1001,34,7,186,6,Gurgaon
2019-09-03 09:00:00,38,31,0.0,11.6,8,26,10:01 AM,09:45 PM,06:01 AM,06:41 PM,22,44,44,38,4,47,41,4.8,1000,38,7,289,3,Gurgaon
2019-09-03 12:00:00,38,31,0.0,11.6,8,26,10:01 AM,09:45 PM,06:01 AM,06:41 PM,22,44,44,38,8,28,38,0.0,998,38,10,299,6,Gurgaon
2019-09-03 15:00:00,38,31,0.0,11.6,8,26,10:01 AM,09:45 PM,06:01 AM,06:41 PM,22,43,43,37,8,29,44,0.0,996,37,10,325,7,Gurgaon
2019-09-03 18:00:00,38,31,0.0,11.6,8,26,10:01 AM,09:45 PM,06:01 AM,06:41 PM,24,42,42,35,7,29,51,0.2,998,35,9,271,6,Gurgaon
2019-09-03 21:00:00,38,31,0.0,11.6,8,26,10:01 AM,09:45 PM,06:01 AM,06:41 PM,24,39,39,33,8,32,62,0.4,999,33,9,113,6,Gurgaon
2019-09-04 00:00:00,37,31,0.0,11.6,8,33,11:05 AM,10:25 PM,06:01 AM,06:40 PM,25,38,38,31,13,28,69,5.8,999,31,7,121,10,Gurgaon
2019-09-04 03:00:00,37,31,0.0,11.6,8,33,11:05 AM,10:25 PM,06:01 AM,06:40 PM,25,38,38,32,11,33,67,5.9,999,32,7,133,9,Gurgaon
2019-09-04 06:00:00,37,31,0.0,11.6,8,33,11:05 AM,10:25 PM,06:01 AM,06:40 PM,24,41,41,34,9,17,59,2.4,1000,34,9,133,7,Gurgaon
2019-09-04 09:00:00,37,31,0.0,11.6,8,33,11:05 AM,10:25 PM,06:01 AM,06:40 PM,24,45,45,37,8,25,46,3.6,999,37,7,147,7,Gurgaon
2019-09-04 12:00:00,37,31,0.0,11.6,8,33,11:05 AM,10:25 PM,06:01 AM,06:40 PM,22,43,43,37,6,45,42,0.1,998,37,10,234,6,Gurgaon
2019-09-04 15:00:00,37,31,0.0,11.6,8,33,11:05 AM,10:25 PM,06:01 AM,06:40 PM,23,43,43,37,8,47,46,0.1,996,37,10,235,7,Gurgaon
2019-09-04 18:00:00,37,31,0.0,11.6,8,33,11:05 AM,10:25 PM,06:01 AM,06:40 PM,24,40,40,34,10,48,56,0.0,999,34,10,39,9,Gurgaon
2019-09-04 21:00:00,37,31,0.0,11.6,8,33,11:05 AM,10:25 PM,06:01 AM,06:40 PM,24,38,38,32,13,27,61,0.0,999,32,10,115,11,Gurgaon
2019-09-05 00:00:00,37,29,0.0,11.6,7,39,12:07 PM,11:09 PM,06:02 AM,06:39 PM,24,35,35,30,17,23,69,0.2,999,30,9,131,13,Gurgaon
2019-09-05 03:00:00,37,29,0.0,11.6,7,39,12:07 PM,11:09 PM,06:02 AM,06:39 PM,23,34,34,29,12,35,70,0.5,1000,29,9,127,10,Gurgaon
2019-09-05 06:00:00,37,29,0.0,11.6,7,39,12:07 PM,11:09 PM,06:02 AM,06:39 PM,24,38,38,32,17,26,65,0.4,1001,32,9,129,13,Gurgaon
2019-09-05 09:00:00,37,29,0.0,11.6,7,39,12:07 PM,11:09 PM,06:02 AM,06:39 PM,23,42,42,36,20,17,48,0.0,1000,36,10,143,15,Gurgaon
2019-09-05 12:00:00,37,29,0.0,11.6,7,39,12:07 PM,11:09 PM,06:02 AM,06:39 PM,22,42,42,37,16,45,42,0.0,998,37,10,145,12,Gurgaon
2019-09-05 15:00:00,37,29,0.0,11.6,7,39,12:07 PM,11:09 PM,06:02 AM,06:39 PM,22,43,43,37,12,29,43,0.0,996,37,10,149,10,Gurgaon
2019-09-05 18:00:00,37,29,0.0,11.6,7,39,12:07 PM,11:09 PM,06:02 AM,06:39 PM,23,39,39,33,15,46,54,0.0,998,33,10,135,13,Gurgaon
2019-09-05 21:00:00,37,29,0.0,11.6,7,39,12:07 PM,11:09 PM,06:02 AM,06:39 PM,23,37,37,32,12,47,57,0.0,1000,32,10,145,10,Gurgaon
2019-09-06 00:00:00,37,31,0.0,10.2,8,46,01:07 PM,11:54 PM,06:02 AM,06:38 PM,23,36,36,32,15,46,61,0.0,998,32,10,116,11,Gurgaon
2019-09-06 03:00:00,37,31,0.0,10.2,8,46,01:07 PM,11:54 PM,06:02 AM,06:38 PM,23,35,35,31,15,27,66,0.0,999,31,10,117,11,Gurgaon
2019-09-06 06:00:00,37,31,0.0,10.2,8,46,01:07 PM,11:54 PM,06:02 AM,06:38 PM,24,38,38,32,15,27,61,0.1,1000,32,10,121,12,Gurgaon
2019-09-06 09:00:00,37,31,0.0,10.2,8,46,01:07 PM,11:54 PM,06:02 AM,06:38 PM,23,42,42,36,14,78,46,0.0,999,36,10,126,12,Gurgaon
2019-09-06 12:00:00,37,31,0.0,10.2,8,46,01:07 PM,11:54 PM,06:02 AM,06:38 PM,23,43,43,37,10,50,45,3.1,997,37,7,126,9,Gurgaon
2019-09-06 15:00:00,37,31,0.0,10.2,8,46,01:07 PM,11:54 PM,06:02 AM,06:38 PM,24,43,43,36,5,44,51,3.1,996,36,7,86,5,Gurgaon
2019-09-06 18:00:00,37,31,0.0,10.2,8,46,01:07 PM,11:54 PM,06:02 AM,06:38 PM,24,41,41,34,6,46,54,0.1,998,34,10,50,5,Gurgaon
2019-09-06 21:00:00,37,31,0.0,10.2,8,46,01:07 PM,11:54 PM,06:02 AM,06:38 PM,23,38,38,33,11,53,58,0.2,998,33,10,135,9,Gurgaon
2019-09-07 00:00:00,37,31,0.0,11.6,7,53,02:04 PM,No moonset,06:03 AM,06:37 PM,24,37,37,32,14,34,63,0.9,998,32,9,117,10,Gurgaon
2019-09-07 03:00:00,37,31,0.0,11.6,7,53,02:04 PM,No moonset,06:03 AM,06:37 PM,24,36,36,31,14,46,69,2.0,998,31,10,119,10,Gurgaon
2019-09-07 06:00:00,37,31,0.0,11.6,7,53,02:04 PM,No moonset,06:03 AM,06:37 PM,24,40,40,33,13,29,59,1.8,998,33,9,115,9,Gurgaon
2019-09-07 09:00:00,37,31,0.0,11.6,7,53,02:04 PM,No moonset,06:03 AM,06:37 PM,23,42,42,36,10,57,48,3.9,999,36,7,112,7,Gurgaon
2019-09-07 12:00:00,37,31,0.0,11.6,7,53,02:04 PM,No moonset,06:03 AM,06:37 PM,22,42,42,37,9,29,43,0.2,997,37,9,107,6,Gurgaon
2019-09-07 15:00:00,37,31,0.0,11.6,7,53,02:04 PM,No moonset,06:03 AM,06:37 PM,23,43,43,36,10,27,49,0.2,997,36,9,115,9,Gurgaon
2019-09-07 18:00:00,37,31,0.0,11.6,7,53,02:04 PM,No moonset,06:03 AM,06:37 PM,24,39,39,33,13,47,58,0.0,999,33,10,113,11,Gurgaon
2019-09-07 21:00:00,37,31,0.0,11.6,7,53,02:04 PM,No moonset,06:03 AM,06:37 PM,24,38,38,32,17,24,62,0.1,1000,32,10,105,14,Gurgaon
2019-09-08 00:00:00,37,30,0.0,10.2,9,60,02:57 PM,12:43 AM,06:03 AM,06:36 PM,24,36,36,31,15,21,65,0.0,1000,31,10,106,12,Gurgaon
2019-09-08 03:00:00,37,30,0.0,10.2,9,60,02:57 PM,12:43 AM,06:03 AM,06:36 PM,24,35,35,30,14,19,69,0.0,1000,30,10,107,12,Gurgaon
2019-09-08 06:00:00,37,30,0.0,10.2,9,60,02:57 PM,12:43 AM,06:03 AM,06:36 PM,24,38,38,32,13,33,61,0.8,1002,32,9,107,11,Gurgaon
2019-09-08 09:00:00,37,30,0.0,10.2,9,60,02:57 PM,12:43 AM,06:03 AM,06:36 PM,23,42,42,36,10,74,48,3.3,1001,36,7,108,9,Gurgaon
2019-09-08 12:00:00,37,30,0.0,10.2,9,60,02:57 PM,12:43 AM,06:03 AM,06:36 PM,21,42,42,37,7,39,40,0.0,1000,37,10,83,6,Gurgaon
2019-09-08 15:00:00,37,30,0.0,10.2,9,60,02:57 PM,12:43 AM,06:03 AM,06:36 PM,23,43,43,37,7,27,44,0.0,998,37,10,54,6,Gurgaon
2019-09-08 18:00:00,37,30,0.0,10.2,9,60,02:57 PM,12:43 AM,06:03 AM,06:36 PM,23,40,40,34,12,46,50,0.0,1000,34,10,91,10,Gurgaon
2019-09-08 21:00:00,37,30,0.0,10.2,9,60,02:57 PM,12:43 AM,06:03 AM,06:36 PM,23,39,39,33,12,15,56,0.0,1001,33,10,125,10,Gurgaon
2019-09-09 00:00:00,39,32,0.0,11.6,9,66,03:46 PM,01:34 AM,06:04 AM,06:34 PM,25,40,40,33,15,5,61,0.0,1000,33,10,99,13,Gurgaon
2019-09-09 03:00:00,39,32,0.0,11.6,9,66,03:46 PM,01:34 AM,06:04 AM,06:34 PM,25,38,38,32,12,5,67,0.0,1000,32,10,108,10,Gurgaon
2019-09-09 06:00:00,39,32,0.0,11.6,9,66,03:46 PM,01:34 AM,06:04 AM,06:34 PM,26,42,42,33,11,5,66,0.0,1001,33,10,114,9,Gurgaon
2019-09-09 09:00:00,39,32,0.0,11.6,9,66,03:46 PM,01:34 AM,06:04 AM,06:34 PM,23,44,44,37,12,10,43,0.0,1000,37,10,112,10,Gurgaon
2019-09-09 12:00:00,39,32,0.0,11.6,9,66,03:46 PM,01:34 AM,06:04 AM,06:34 PM,20,44,44,39,11,15,34,0.0,998,39,10,116,10,Gurgaon
2019-09-09 15:00:00,39,32,0.0,11.6,9,66,03:46 PM,01:34 AM,06:04 AM,06:34 PM,21,42,42,38,10,10,37,0.0,996,38,10,123,9,Gurgaon
2019-09-09 18:00:00,39,32,0.0,11.6,9,66,03:46 PM,01:34 AM,06:04 AM,06:34 PM,24,47,47,38,10,2,45,0.0,999,38,10,119,8,Gurgaon
2019-09-09 21:00:00,39,32,0.0,11.6,9,66,03:46 PM,01:34 AM,06:04 AM,06:34 PM,23,40,40,34,13,6,51,0.0,999,34,10,119,10,Gurgaon
2019-09-10 00:00:00,40,32,0.0,11.6,9,73,04:30 PM,02:26 AM,06:04 AM,06:33 PM,24,40,40,33,12,5,59,0.0,999,33,10,153,9,Gurgaon
2019-09-10 03:00:00,40,32,0.0,11.6,9,73,04:30 PM,02:26 AM,06:04 AM,06:33 PM,24,38,38,32,8,3,65,0.0,1000,32,10,180,7,Gurgaon
2019-09-10 06:00:00,40,32,0.0,11.6,9,73,04:30 PM,02:26 AM,06:04 AM,06:33 PM,25,41,41,33,7,8,62,0.0,1001,33,10,186,6,Gurgaon
2019-09-10 09:00:00,40,32,0.0,11.6,9,73,04:30 PM,02:26 AM,06:04 AM,06:33 PM,23,44,44,37,7,52,44,0.0,1000,37,10,221,6,Gurgaon
2019-09-10 12:00:00,40,32,0.0,11.6,9,73,04:30 PM,02:26 AM,06:04 AM,06:33 PM,20,44,44,39,7,14,33,0.0,997,39,10,292,6,Gurgaon
2019-09-10 15:00:00,40,32,0.0,11.6,9,73,04:30 PM,02:26 AM,06:04 AM,06:33 PM,20,44,44,40,13,6,32,0.0,996,40,10,215,11,Gurgaon
2019-09-10 18:00:00,40,32,0.0,11.6,9,73,04:30 PM,02:26 AM,06:04 AM,06:33 PM,23,43,43,36,10,7,45,0.0,999,36,10,45,8,Gurgaon
2019-09-10 21:00:00,40,32,0.0,11.6,9,73,04:30 PM,02:26 AM,06:04 AM,06:33 PM,24,41,41,35,12,3,54,0.0,1000,35,10,131,9,Gurgaon
2019-09-11 00:00:00,41,32,0.0,11.6,9,80,05:11 PM,03:20 AM,06:05 AM,06:32 PM,24,39,39,33,14,3,57,0.0,1000,33,10,142,11,Gurgaon
2019-09-11 03:00:00,41,32,0.0,11.6,9,80,05:11 PM,03:20 AM,06:05 AM,06:32 PM,23,36,36,32,13,5,61,0.0,1000,32,10,143,11,Gurgaon
2019-09-11 06:00:00,41,32,0.0,11.6,9,80,05:11 PM,03:20 AM,06:05 AM,06:32 PM,25,41,41,34,13,8,59,0.0,1002,34,10,148,10,Gurgaon
2019-09-11 09:00:00,41,32,0.0,11.6,9,80,05:11 PM,03:20 AM,06:05 AM,06:32 PM,22,44,44,38,13,20,40,0.0,1001,38,10,167,11,Gurgaon
2019-09-11 12:00:00,41,32,0.0,11.6,9,80,05:11 PM,03:20 AM,06:05 AM,06:32 PM,18,44,44,41,9,6,27,0.0,999,41,10,166,8,Gurgaon
2019-09-11 15:00:00,41,32,0.0,11.6,9,80,05:11 PM,03:20 AM,06:05 AM,06:32 PM,20,45,45,41,5,5,31,0.0,997,41,10,208,4,Gurgaon
2019-09-11 18:00:00,41,32,0.0,11.6,9,80,05:11 PM,03:20 AM,06:05 AM,06:32 PM,20,41,41,37,12,5,37,0.0,1000,37,10,263,10,Gurgaon
2019-09-11 21:00:00,41,32,0.0,11.6,9,80,05:11 PM,03:20 AM,06:05 AM,06:32 PM,21,39,39,34,17,3,46,0.0,1001,34,10,120,14,Gurgaon
2019-09-12 00:00:00,39,32,0.0,11.6,9,87,05:48 PM,04:13 AM,06:05 AM,06:31 PM,22,37,37,33,17,4,55,0.0,1001,33,10,146,14,Gurgaon
2019-09-12 03:00:00,39,32,0.0,11.6,9,87,05:48 PM,04:13 AM,06:05 AM,06:31 PM,23,36,36,32,16,4,59,0.0,1002,32,10,158,13,Gurgaon
2019-09-12 06:00:00,39,32,0.0,11.6,9,87,05:48 PM,04:13 AM,06:05 AM,06:31 PM,23,39,39,33,13,6,56,0.0,1003,33,10,164,11,Gurgaon
2019-09-12 09:00:00,39,32,0.0,11.6,9,87,05:48 PM,04:13 AM,06:05 AM,06:31 PM,22,43,43,37,9,8,42,0.0,1002,37,10,144,8,Gurgaon
2019-09-12 12:00:00,39,32,0.0,11.6,9,87,05:48 PM,04:13 AM,06:05 AM,06:31 PM,21,44,44,39,3,18,35,0.0,1000,39,10,71,3,Gurgaon
2019-09-12 15:00:00,39,32,0.0,11.6,9,87,05:48 PM,04:13 AM,06:05 AM,06:31 PM,21,43,43,38,6,44,38,0.0,999,38,10,119,6,Gurgaon
2019-09-12 18:00:00,39,32,0.0,11.6,9,87,05:48 PM,04:13 AM,06:05 AM,06:31 PM,23,40,40,35,13,4,51,0.0,1001,35,10,273,10,Gurgaon
2019-09-12 21:00:00,39,32,0.0,11.6,9,87,05:48 PM,04:13 AM,06:05 AM,06:31 PM,23,39,39,33,21,0,56,0.0,1002,33,10,124,17,Gurgaon
2019-09-13 00:00:00,35,31,0.0,11.6,8,94,06:21 PM,05:06 AM,06:06 AM,06:30 PM,26,41,41,33,14,0,65,0.0,1002,33,10,137,12,Gurgaon
2019-09-13 03:00:00,35,31,0.0,11.6,8,94,06:21 PM,05:06 AM,06:06 AM,06:30 PM,25,37,37,31,10,2,68,0.0,1003,31,10,141,9,Gurgaon
2019-09-13 06:00:00,35,31,0.0,11.6,8,94,06:21 PM,05:06 AM,06:06 AM,06:30 PM,23,36,36,31,10,78,64,0.2,1003,31,10,143,9,Gurgaon
2019-09-13 09:00:00,35,31,0.0,11.6,8,94,06:21 PM,05:06 AM,06:06 AM,06:30 PM,23,38,38,33,12,18,56,0.3,1004,33,9,131,11,Gurgaon
2019-09-13 12:00:00,35,31,0.0,11.6,8,94,06:21 PM,05:06 AM,06:06 AM,06:30 PM,23,40,40,34,8,14,51,0.0,1001,34,10,107,7,Gurgaon
2019-09-13 15:00:00,35,31,0.0,11.6,8,94,06:21 PM,05:06 AM,06:06 AM,06:30 PM,23,41,41,35,7,29,53,0.0,1000,35,10,64,6,Gurgaon
2019-09-13 18:00:00,35,31,0.0,11.6,8,94,06:21 PM,05:06 AM,06:06 AM,06:30 PM,24,38,38,32,21,10,61,0.0,1003,32,10,89,17,Gurgaon
2019-09-13 21:00:00,35,31,0.0,11.6,8,94,06:21 PM,05:06 AM,06:06 AM,06:30 PM,24,36,36,31,29,13,65,0.0,1003,31,10,111,21,Gurgaon
2019-09-14 00:00:00,35,30,0.0,11.6,8,100,06:54 PM,05:59 AM,06:06 AM,06:28 PM,23,34,34,30,22,12,68,0.0,1003,30,10,125,18,Gurgaon
2019-09-14 03:00:00,35,30,0.0,11.6,8,100,06:54 PM,05:59 AM,06:06 AM,06:28 PM,24,34,34,30,11,3,71,0.0,1003,30,10,119,10,Gurgaon
2019-09-14 06:00:00,35,30,0.0,11.6,8,100,06:54 PM,05:59 AM,06:06 AM,06:28 PM,24,35,35,30,8,17,69,0.1,1005,30,10,110,7,Gurgaon
2019-09-14 09:00:00,35,30,0.0,11.6,8,100,06:54 PM,05:59 AM,06:06 AM,06:28 PM,24,39,39,33,14,20,59,0.1,1004,33,10,99,13,Gurgaon
2019-09-14 12:00:00,35,30,0.0,11.6,8,100,06:54 PM,05:59 AM,06:06 AM,06:28 PM,23,41,41,35,18,11,50,0.0,1002,35,10,116,16,Gurgaon
2019-09-14 15:00:00,35,30,0.0,11.6,8,100,06:54 PM,05:59 AM,06:06 AM,06:28 PM,23,40,40,34,17,10,53,0.1,1001,34,10,117,14,Gurgaon
2019-09-14 18:00:00,35,30,0.0,11.6,8,100,06:54 PM,05:59 AM,06:06 AM,06:28 PM,24,37,37,32,18,30,62,1.7,1004,32,9,125,15,Gurgaon
2019-09-14 21:00:00,35,30,0.0,11.6,8,100,06:54 PM,05:59 AM,06:06 AM,06:28 PM,24,36,36,31,20,23,67,2.9,1004,31,7,117,16,Gurgaon
2019-09-15 00:00:00,36,29,0.0,11.6,7,93,07:25 PM,06:51 AM,06:06 AM,06:27 PM,24,34,34,29,14,25,71,0.6,1003,29,9,116,12,Gurgaon
2019-09-15 03:00:00,36,29,0.0,11.6,7,93,07:25 PM,06:51 AM,06:06 AM,06:27 PM,23,33,33,29,12,26,72,0.9,1004,29,9,137,10,Gurgaon
2019-09-15 06:00:00,36,29,0.0,11.6,7,93,07:25 PM,06:51 AM,06:06 AM,06:27 PM,24,35,35,30,6,24,71,0.4,1004,30,9,174,5,Gurgaon
2019-09-15 09:00:00,36,29,0.0,11.6,7,93,07:25 PM,06:51 AM,06:06 AM,06:27 PM,23,39,39,34,4,44,53,0.4,1004,34,9,177,4,Gurgaon
2019-09-15 12:00:00,36,29,0.0,11.6,7,93,07:25 PM,06:51 AM,06:06 AM,06:27 PM,21,41,41,36,3,45,42,0.0,1001,36,10,97,3,Gurgaon
2019-09-15 15:00:00,36,29,0.0,11.6,7,93,07:25 PM,06:51 AM,06:06 AM,06:27 PM,22,40,40,35,5,46,46,0.0,1001,35,10,56,4,Gurgaon
2019-09-15 18:00:00,36,29,0.0,11.6,7,93,07:25 PM,06:51 AM,06:06 AM,06:27 PM,23,39,39,34,8,26,52,0.0,1003,34,10,126,6,Gurgaon
2019-09-15 21:00:00,36,29,0.0,11.6,7,93,07:25 PM,06:51 AM,06:06 AM,06:27 PM,27,47,47,36,13,2,59,0.0,1003,36,10,133,10,Gurgaon
2019-09-16 00:00:00,39,32,0.0,11.6,9,86,07:56 PM,07:43 AM,06:07 AM,06:26 PM,25,39,39,32,9,3,69,0.0,1002,32,10,148,8,Gurgaon
2019-09-16 03:00:00,39,32,0.0,11.6,9,86,07:56 PM,07:43 AM,06:07 AM,06:26 PM,27,40,40,32,8,0,74,0.0,1003,32,10,173,6,Gurgaon
2019-09-16 06:00:00,39,32,0.0,11.6,9,86,07:56 PM,07:43 AM,06:07 AM,06:26 PM,25,39,39,32,7,8,64,0.0,1003,32,10,240,6,Gurgaon
2019-09-16 09:00:00,39,32,0.0,11.6,9,86,07:56 PM,07:43 AM,06:07 AM,06:26 PM,23,44,44,37,6,9,45,0.0,1002,37,10,287,6,Gurgaon
2019-09-16 12:00:00,39,32,0.0,11.6,9,86,07:56 PM,07:43 AM,06:07 AM,06:26 PM,20,43,43,39,8,13,33,0.0,1000,39,10,321,7,Gurgaon
2019-09-16 15:00:00,39,32,0.0,11.6,9,86,07:56 PM,07:43 AM,06:07 AM,06:26 PM,20,42,42,38,10,9,35,0.0,998,38,10,326,9,Gurgaon
2019-09-16 18:00:00,39,32,0.0,11.6,9,86,07:56 PM,07:43 AM,06:07 AM,06:26 PM,21,44,44,39,10,2,34,0.0,997,39,10,260,9,Gurgaon
2019-09-16 21:00:00,39,32,0.0,11.6,9,86,07:56 PM,07:43 AM,06:07 AM,06:26 PM,23,38,38,33,16,3,56,0.0,1002,33,10,120,13,Gurgaon
2019-09-17 00:00:00,40,31,0.0,11.6,9,79,08:27 PM,08:35 AM,06:07 AM,06:25 PM,24,37,37,31,16,2,65,0.0,1001,31,10,147,13,Gurgaon
2019-09-17 03:00:00,40,31,0.0,11.6,9,79,08:27 PM,08:35 AM,06:07 AM,06:25 PM,24,36,36,31,12,3,68,0.0,1002,31,10,148,10,Gurgaon
2019-09-17 06:00:00,40,31,0.0,11.6,9,79,08:27 PM,08:35 AM,06:07 AM,06:25 PM,23,38,38,33,14,7,54,0.0,1004,33,10,136,11,Gurgaon
2019-09-17 09:00:00,40,31,0.0,11.6,9,79,08:27 PM,08:35 AM,06:07 AM,06:25 PM,20,42,42,38,12,10,36,0.0,1003,38,10,154,11,Gurgaon
2019-09-17 12:00:00,40,31,0.0,11.6,9,79,08:27 PM,08:35 AM,06:07 AM,06:25 PM,17,42,42,40,8,53,26,0.0,1001,40,10,220,6,Gurgaon
2019-09-17 15:00:00,40,31,0.0,11.6,9,79,08:27 PM,08:35 AM,06:07 AM,06:25 PM,16,41,41,39,8,10,26,0.0,999,39,10,310,6,Gurgaon
2019-09-17 18:00:00,40,31,0.0,11.6,9,79,08:27 PM,08:35 AM,06:07 AM,06:25 PM,21,41,41,36,14,5,42,0.0,1003,36,10,246,11,Gurgaon
2019-09-17 21:00:00,40,31,0.0,11.6,9,79,08:27 PM,08:35 AM,06:07 AM,06:25 PM,23,37,37,32,31,10,58,0.0,1004,32,10,118,22,Gurgaon
2019-09-18 00:00:00,37,29,0.0,11.6,8,73,09:01 PM,09:28 AM,06:08 AM,06:24 PM,23,35,35,30,28,16,66,0.1,1005,30,10,128,18,Gurgaon
2019-09-18 03:00:00,37,29,0.0,11.6,8,73,09:01 PM,09:28 AM,06:08 AM,06:24 PM,23,33,33,29,28,11,70,0.3,1006,29,10,129,20,Gurgaon
2019-09-18 06:00:00,37,29,0.0,11.6,8,73,09:01 PM,09:28 AM,06:08 AM,06:24 PM,24,35,35,30,24,10,68,2.0,1008,30,9,125,19,Gurgaon
2019-09-18 09:00:00,37,29,0.0,11.6,8,73,09:01 PM,09:28 AM,06:08 AM,06:24 PM,22,40,40,35,21,8,48,2.0,1008,35,9,129,18,Gurgaon
2019-09-18 12:00:00,37,29,0.0,11.6,8,73,09:01 PM,09:28 AM,06:08 AM,06:24 PM,20,41,41,37,17,27,37,0.0,1006,37,10,145,14,Gurgaon
2019-09-18 15:00:00,37,29,0.0,11.6,8,73,09:01 PM,09:28 AM,06:08 AM,06:24 PM,21,38,38,34,15,31,45,0.0,1005,34,10,135,13,Gurgaon
2019-09-18 18:00:00,37,29,0.0,11.6,8,73,09:01 PM,09:28 AM,06:08 AM,06:24 PM,22,35,35,31,22,0,59,0.0,1008,31,10,130,18,Gurgaon
2019-09-18 21:00:00,37,29,0.0,11.6,8,73,09:01 PM,09:28 AM,06:08 AM,06:24 PM,22,32,32,29,28,5,68,0.0,1009,29,10,115,23,Gurgaon
2019-09-19 00:00:00,32,26,0.0,8.8,8,66,09:38 PM,10:23 AM,06:08 AM,06:22 PM,22,30,30,28,23,10,72,0.0,1009,28,10,122,20,Gurgaon
2019-09-19 03:00:00,32,26,0.0,8.8,8,66,09:38 PM,10:23 AM,06:08 AM,06:22 PM,22,29,29,26,19,57,81,0.0,1010,26,10,118,16,Gurgaon
2019-09-19 06:00:00,32,26,0.0,8.8,8,66,09:38 PM,10:23 AM,06:08 AM,06:22 PM,22,30,30,27,17,66,75,0.2,1011,27,10,123,15,Gurgaon
2019-09-19 09:00:00,32,26,0.0,8.8,8,66,09:38 PM,10:23 AM,06:08 AM,06:22 PM,21,35,35,31,20,75,55,0.6,1010,31,10,123,18,Gurgaon
2019-09-19 12:00:00,32,26,0.0,8.8,8,66,09:38 PM,10:23 AM,06:08 AM,06:22 PM,21,36,36,32,19,77,52,0.4,1008,32,10,122,17,Gurgaon
2019-09-19 15:00:00,32,26,0.0,8.8,8,66,09:38 PM,10:23 AM,06:08 AM,06:22 PM,21,36,36,32,16,41,53,0.5,1007,32,9,120,14,Gurgaon
2019-09-19 18:00:00,32,26,0.0,8.8,8,66,09:38 PM,10:23 AM,06:08 AM,06:22 PM,22,33,33,30,18,25,64,0.1,1009,30,10,120,15,Gurgaon
2019-09-19 21:00:00,32,26,0.0,8.8,8,66,09:38 PM,10:23 AM,06:08 AM,06:22 PM,22,32,32,29,21,16,67,0.1,1009,29,10,125,17,Gurgaon
2019-09-20 00:00:00,33,27,0.0,11.6,8,59,10:19 PM,11:20 AM,06:09 AM,06:21 PM,22,31,31,28,15,18,72,0.0,1007,28,10,126,13,Gurgaon
2019-09-20 03:00:00,33,27,0.0,11.6,8,59,10:19 PM,11:20 AM,06:09 AM,06:21 PM,23,30,30,27,14,12,76,0.0,1008,27,10,124,12,Gurgaon
2019-09-20 06:00:00,33,27,0.0,11.6,8,59,10:19 PM,11:20 AM,06:09 AM,06:21 PM,22,32,32,29,15,48,67,1.6,1009,29,10,129,13,Gurgaon
2019-09-20 09:00:00,33,27,0.0,11.6,8,59,10:19 PM,11:20 AM,06:09 AM,06:21 PM,22,30,30,28,15,32,69,6.5,1008,28,7,139,13,Gurgaon
2019-09-20 12:00:00,33,27,0.0,11.6,8,59,10:19 PM,11:20 AM,06:09 AM,06:21 PM,20,37,37,33,13,59,47,0.3,1005,33,10,143,11,Gurgaon
2019-09-20 15:00:00,33,27,0.0,11.6,8,59,10:19 PM,11:20 AM,06:09 AM,06:21 PM,21,37,37,33,10,29,51,0.3,1004,33,9,139,9,Gurgaon
2019-09-20 18:00:00,33,27,0.0,11.6,8,59,10:19 PM,11:20 AM,06:09 AM,06:21 PM,22,34,34,31,10,27,59,0.5,1006,31,9,131,8,Gurgaon
2019-09-20 21:00:00,33,27,0.0,11.6,8,59,10:19 PM,11:20 AM,06:09 AM,06:21 PM,22,33,33,29,15,13,66,0.7,1007,29,9,136,12,Gurgaon
2019-09-21 00:00:00,35,28,0.0,11.6,8,52,11:05 PM,12:17 PM,06:09 AM,06:20 PM,22,32,32,29,11,11,67,0.0,1006,29,10,139,8,Gurgaon
2019-09-21 03:00:00,35,28,0.0,11.6,8,52,11:05 PM,12:17 PM,06:09 AM,06:20 PM,22,30,30,28,13,45,70,0.0,1006,28,10,143,10,Gurgaon
2019-09-21 06:00:00,35,28,0.0,11.6,8,52,11:05 PM,12:17 PM,06:09 AM,06:20 PM,22,34,34,30,11,32,64,0.0,1008,30,10,156,8,Gurgaon
2019-09-21 09:00:00,35,28,0.0,11.6,8,52,11:05 PM,12:17 PM,06:09 AM,06:20 PM,20,37,37,34,9,46,44,1.6,1007,34,10,164,5,Gurgaon
2019-09-21 12:00:00,35,28,0.0,11.6,8,52,11:05 PM,12:17 PM,06:09 AM,06:20 PM,20,38,38,35,6,23,40,0.1,1004,35,10,135,4,Gurgaon
2019-09-21 15:00:00,35,28,0.0,11.6,8,52,11:05 PM,12:17 PM,06:09 AM,06:20 PM,21,40,40,35,4,19,44,0.1,1004,35,10,139,4,Gurgaon
2019-09-21 18:00:00,35,28,0.0,11.6,8,52,11:05 PM,12:17 PM,06:09 AM,06:20 PM,23,38,38,33,6,15,56,0.7,1005,33,9,152,5,Gurgaon
2019-09-21 21:00:00,35,28,0.0,11.6,8,52,11:05 PM,12:17 PM,06:09 AM,06:20 PM,22,36,36,31,10,30,59,1.9,1006,31,9,132,8,Gurgaon
2019-09-22 00:00:00,32,28,0.0,11.6,7,46,11:58 PM,01:16 PM,06:10 AM,06:19 PM,22,34,34,30,9,10,64,0.2,1007,30,10,155,7,Gurgaon
2019-09-22 03:00:00,32,28,0.0,11.6,7,46,11:58 PM,01:16 PM,06:10 AM,06:19 PM,22,32,32,29,11,14,66,0.2,1007,29,9,144,9,Gurgaon
2019-09-22 06:00:00,32,28,0.0,11.6,7,46,11:58 PM,01:16 PM,06:10 AM,06:19 PM,21,31,31,29,11,31,64,1.0,1009,29,9,139,9,Gurgaon
2019-09-22 09:00:00,32,28,0.0,11.6,7,46,11:58 PM,01:16 PM,06:10 AM,06:19 PM,20,34,34,32,19,20,52,1.0,1009,32,9,130,15,Gurgaon
2019-09-22 12:00:00,32,28,0.0,11.6,7,46,11:58 PM,01:16 PM,06:10 AM,06:19 PM,18,32,32,31,24,14,46,0.0,1007,31,10,137,16,Gurgaon
2019-09-22 15:00:00,32,28,0.0,11.6,7,46,11:58 PM,01:16 PM,06:10 AM,06:19 PM,19,31,31,30,22,10,53,0.0,1006,30,10,162,12,Gurgaon
2019-09-22 18:00:00,32,28,0.0,11.6,7,46,11:58 PM,01:16 PM,06:10 AM,06:19 PM,21,31,31,29,22,16,62,0.0,1009,29,10,146,14,Gurgaon
2019-09-22 21:00:00,32,28,0.0,11.6,7,46,11:58 PM,01:16 PM,06:10 AM,06:19 PM,22,31,31,28,14,13,70,0.0,1010,28,10,133,11,Gurgaon
2019-09-23 00:00:00,33,27,0.0,10.2,8,39,No moonrise,02:14 PM,06:10 AM,06:18 PM,22,30,30,27,12,13,76,0.0,1010,27,10,167,9,Gurgaon
2019-09-23 03:00:00,33,27,0.0,10.2,8,39,No moonrise,02:14 PM,06:10 AM,06:18 PM,21,29,29,27,10,14,73,0.0,1010,27,10,157,9,Gurgaon
2019-09-23 06:00:00,33,27,0.0,10.2,8,39,No moonrise,02:14 PM,06:10 AM,06:18 PM,22,31,31,29,10,15,66,0.0,1011,29,10,149,8,Gurgaon
2019-09-23 09:00:00,33,27,0.0,10.2,8,39,No moonrise,02:14 PM,06:10 AM,06:18 PM,20,35,35,32,10,41,48,0.0,1011,32,10,138,8,Gurgaon
2019-09-23 12:00:00,33,27,0.0,10.2,8,39,No moonrise,02:14 PM,06:10 AM,06:18 PM,21,37,37,33,11,32,48,0.8,1008,33,9,129,9,Gurgaon
2019-09-23 15:00:00,33,27,0.0,10.2,8,39,No moonrise,02:14 PM,06:10 AM,06:18 PM,21,35,35,32,14,88,54,1.3,1007,32,10,137,12,Gurgaon
2019-09-23 18:00:00,33,27,0.0,10.2,8,39,No moonrise,02:14 PM,06:10 AM,06:18 PM,22,33,33,30,16,17,61,0.1,1009,30,10,154,13,Gurgaon
2019-09-23 21:00:00,33,27,0.0,10.2,8,39,No moonrise,02:14 PM,06:10 AM,06:18 PM,22,30,30,28,13,29,70,0.2,1010,28,9,163,10,Gurgaon
2019-09-24 00:00:00,33,27,0.0,11.6,8,32,12:57 AM,03:10 PM,06:11 AM,06:17 PM,22,30,30,27,13,31,75,0.0,1010,27,10,160,11,Gurgaon
2019-09-24 03:00:00,33,27,0.0,11.6,8,32,12:57 AM,03:10 PM,06:11 AM,06:17 PM,22,29,29,27,9,18,75,0.0,1010,27,10,163,8,Gurgaon
2019-09-24 06:00:00,33,27,0.0,11.6,8,32,12:57 AM,03:10 PM,06:11 AM,06:17 PM,21,31,31,28,7,31,64,0.2,1011,28,9,157,6,Gurgaon
2019-09-24 09:00:00,33,27,0.0,11.6,8,32,12:57 AM,03:10 PM,06:11 AM,06:17 PM,20,32,32,30,9,51,57,0.3,1011,30,10,157,8,Gurgaon
2019-09-24 12:00:00,33,27,0.0,11.6,8,32,12:57 AM,03:10 PM,06:11 AM,06:17 PM,20,36,36,33,9,58,45,0.3,1008,33,10,161,8,Gurgaon
2019-09-24 15:00:00,33,27,0.0,11.6,8,32,12:57 AM,03:10 PM,06:11 AM,06:17 PM,21,35,35,32,9,24,52,0.6,1007,32,9,174,8,Gurgaon
2019-09-24 18:00:00,33,27,0.0,11.6,8,32,12:57 AM,03:10 PM,06:11 AM,06:17 PM,22,33,33,29,10,15,65,0.0,1009,29,10,180,8,Gurgaon
2019-09-24 21:00:00,33,27,0.0,11.6,8,32,12:57 AM,03:10 PM,06:11 AM,06:17 PM,23,32,32,28,11,21,71,0.0,1010,28,10,152,8,Gurgaon
2019-09-25 00:00:00,35,27,0.0,11.6,8,25,02:01 AM,04:01 PM,06:11 AM,06:15 PM,22,30,30,27,9,32,72,0.0,1010,27,10,119,6,Gurgaon
2019-09-25 03:00:00,35,27,0.0,11.6,8,25,02:01 AM,04:01 PM,06:11 AM,06:15 PM,21,29,29,27,13,31,73,0.0,1011,27,10,111,9,Gurgaon
2019-09-25 06:00:00,35,27,0.0,11.6,8,25,02:01 AM,04:01 PM,06:11 AM,06:15 PM,22,32,32,29,14,30,68,1.7,1012,29,9,115,11,Gurgaon
2019-09-25 09:00:00,35,27,0.0,11.6,8,25,02:01 AM,04:01 PM,06:11 AM,06:15 PM,21,36,36,33,16,53,51,1.7,1012,33,10,120,14,Gurgaon
2019-09-25 12:00:00,35,27,0.0,11.6,8,25,02:01 AM,04:01 PM,06:11 AM,06:15 PM,20,38,38,35,13,52,42,0.0,1009,35,10,113,12,Gurgaon
2019-09-25 15:00:00,35,27,0.0,11.6,8,25,02:01 AM,04:01 PM,06:11 AM,06:15 PM,21,37,37,33,8,31,49,0.0,1008,33,10,87,7,Gurgaon
2019-09-25 18:00:00,35,27,0.0,11.6,8,25,02:01 AM,04:01 PM,06:11 AM,06:15 PM,21,34,34,31,9,28,57,0.5,1011,31,9,75,8,Gurgaon
2019-09-25 21:00:00,35,27,0.0,11.6,8,25,02:01 AM,04:01 PM,06:11 AM,06:15 PM,22,32,32,29,17,30,66,1.2,1012,29,9,99,13,Gurgaon
2019-09-26 00:00:00,32,26,0.0,7.4,7,18,03:08 AM,04:49 PM,06:12 AM,06:14 PM,22,30,30,27,17,27,73,0.0,1012,27,10,107,13,Gurgaon
2019-09-26 03:00:00,32,26,0.0,7.4,7,18,03:08 AM,04:49 PM,06:12 AM,06:14 PM,22,29,29,26,16,71,79,0.0,1012,26,10,107,12,Gurgaon
2019-09-26 06:00:00,32,26,0.0,7.4,7,18,03:08 AM,04:49 PM,06:12 AM,06:14 PM,22,30,30,28,18,97,74,0.0,1013,28,10,107,14,Gurgaon
2019-09-26 09:00:00,32,26,0.0,7.4,7,18,03:08 AM,04:49 PM,06:12 AM,06:14 PM,22,33,33,29,19,78,64,0.1,1012,29,10,108,17,Gurgaon
2019-09-26 12:00:00,32,26,0.0,7.4,7,18,03:08 AM,04:49 PM,06:12 AM,06:14 PM,21,36,36,32,20,61,53,0.0,1009,32,10,109,17,Gurgaon
2019-09-26 15:00:00,32,26,0.0,7.4,7,18,03:08 AM,04:49 PM,06:12 AM,06:14 PM,22,35,35,31,18,30,57,0.0,1008,31,10,115,15,Gurgaon
2019-09-26 18:00:00,32,26,0.0,7.4,7,18,03:08 AM,04:49 PM,06:12 AM,06:14 PM,22,33,33,30,15,78,64,0.0,1010,30,10,116,14,Gurgaon
2019-09-26 21:00:00,32,26,0.0,7.4,7,18,03:08 AM,04:49 PM,06:12 AM,06:14 PM,22,31,31,28,14,20,72,0.0,1011,28,10,108,13,Gurgaon
2019-09-27 00:00:00,31,25,0.0,8.8,6,12,04:17 AM,05:34 PM,06:12 AM,06:13 PM,21,28,28,26,12,95,77,0.0,1011,26,10,100,9,Gurgaon
2019-09-27 03:00:00,31,25,0.0,8.8,6,12,04:17 AM,05:34 PM,06:12 AM,06:13 PM,22,28,28,25,14,99,80,0.0,1011,25,10,104,11,Gurgaon
2019-09-27 06:00:00,31,25,0.0,8.8,6,12,04:17 AM,05:34 PM,06:12 AM,06:13 PM,22,30,30,27,17,100,75,0.0,1012,27,10,98,14,Gurgaon
2019-09-27 09:00:00,31,25,0.0,8.8,6,12,04:17 AM,05:34 PM,06:12 AM,06:13 PM,22,32,32,29,18,98,67,0.1,1011,29,10,107,15,Gurgaon
2019-09-27 12:00:00,31,25,0.0,8.8,6,12,04:17 AM,05:34 PM,06:12 AM,06:13 PM,21,34,34,31,15,71,56,0.0,1008,31,10,110,13,Gurgaon
2019-09-27 15:00:00,31,25,0.0,8.8,6,12,04:17 AM,05:34 PM,06:12 AM,06:13 PM,22,33,33,30,14,19,61,0.0,1007,30,10,105,12,Gurgaon
2019-09-27 18:00:00,31,25,0.0,8.8,6,12,04:17 AM,05:34 PM,06:12 AM,06:13 PM,22,31,31,28,14,36,69,0.0,1009,28,10,110,12,Gurgaon
2019-09-27 21:00:00,31,25,0.0,8.8,6,12,04:17 AM,05:34 PM,06:12 AM,06:13 PM,22,29,29,27,14,80,75,0.0,1010,27,10,104,12,Gurgaon
2019-09-28 00:00:00,30,25,0.0,7.4,7,5,05:26 AM,06:15 PM,06:13 AM,06:12 PM,21,28,28,26,18,51,77,0.0,1009,26,10,105,15,Gurgaon
2019-09-28 03:00:00,30,25,0.0,7.4,7,5,05:26 AM,06:15 PM,06:13 AM,06:12 PM,21,27,27,25,16,89,79,0.0,1008,25,10,98,13,Gurgaon
2019-09-28 06:00:00,30,25,0.0,7.4,7,5,05:26 AM,06:15 PM,06:13 AM,06:12 PM,21,29,29,26,14,86,74,0.1,1010,26,10,92,13,Gurgaon
2019-09-28 09:00:00,30,25,0.0,7.4,7,5,05:26 AM,06:15 PM,06:13 AM,06:12 PM,21,32,32,29,14,79,61,0.1,1009,29,10,105,13,Gurgaon
2019-09-28 12:00:00,30,25,0.0,7.4,7,5,05:26 AM,06:15 PM,06:13 AM,06:12 PM,22,31,31,28,14,60,69,0.5,1008,28,10,130,12,Gurgaon
2019-09-28 15:00:00,30,25,0.0,7.4,7,5,05:26 AM,06:15 PM,06:13 AM,06:12 PM,22,33,33,30,15,58,63,2.0,1005,30,9,138,11,Gurgaon
2019-09-28 18:00:00,30,25,0.0,7.4,7,5,05:26 AM,06:15 PM,06:13 AM,06:12 PM,22,32,32,29,16,61,66,3.9,1006,29,8,117,9,Gurgaon
2019-09-28 21:00:00,30,25,0.0,7.4,7,5,05:26 AM,06:15 PM,06:13 AM,06:12 PM,22,30,30,27,19,64,75,1.4,1007,27,10,106,13,Gurgaon
2019-09-29 00:00:00,30,24,0.0,8.8,6,2,06:33 AM,06:56 PM,06:13 AM,06:11 PM,21,27,27,25,21,100,82,0.0,1009,25,10,103,18,Gurgaon
2019-09-29 03:00:00,30,24,0.0,8.8,6,2,06:33 AM,06:56 PM,06:13 AM,06:11 PM,21,26,26,24,20,100,81,0.0,1010,24,10,94,17,Gurgaon
2019-09-29 06:00:00,30,24,0.0,8.8,6,2,06:33 AM,06:56 PM,06:13 AM,06:11 PM,22,28,28,25,19,98,81,0.8,1011,25,10,85,16,Gurgaon
2019-09-29 09:00:00,30,24,0.0,8.8,6,2,06:33 AM,06:56 PM,06:13 AM,06:11 PM,22,29,29,26,19,90,75,1.6,1010,26,10,87,17,Gurgaon
2019-09-29 12:00:00,30,24,0.0,8.8,6,2,06:33 AM,06:56 PM,06:13 AM,06:11 PM,21,33,33,30,18,48,60,1.2,1009,30,10,88,15,Gurgaon
2019-09-29 15:00:00,30,24,0.0,8.8,6,2,06:33 AM,06:56 PM,06:13 AM,06:11 PM,21,31,31,29,17,66,65,2.6,1007,29,7,85,15,Gurgaon
2019-09-29 18:00:00,30,24,0.0,8.8,6,2,06:33 AM,06:56 PM,06:13 AM,06:11 PM,22,29,29,27,19,49,75,2.1,1010,27,10,90,15,Gurgaon
2019-09-29 21:00:00,30,24,0.0,8.8,6,2,06:33 AM,06:56 PM,06:13 AM,06:11 PM,22,28,28,26,16,25,81,2.6,1010,26,7,97,13,Gurgaon
2019-09-30 00:00:00,32,24,0.0,11.6,6,9,07:41 AM,07:36 PM,06:14 AM,06:09 PM,22,27,27,25,18,25,87,3.4,1008,25,7,114,15,Gurgaon
2019-09-30 03:00:00,32,24,0.0,11.6,6,9,07:41 AM,07:36 PM,06:14 AM,06:09 PM,22,26,26,24,16,92,89,3.7,1008,24,7,113,14,Gurgaon
2019-09-30 06:00:00,32,24,0.0,11.6,6,9,07:41 AM,07:36 PM,06:14 AM,06:09 PM,22,27,27,25,14,76,81,0.0,1009,25,10,110,12,Gurgaon
2019-09-30 09:00:00,32,24,0.0,11.6,6,9,07:41 AM,07:36 PM,06:14 AM,06:09 PM,22,33,33,30,12,18,61,0.9,1009,30,9,113,10,Gurgaon
2019-09-30 12:00:00,32,24,0.0,11.6,6,9,07:41 AM,07:36 PM,06:14 AM,06:09 PM,20,35,35,32,12,46,49,0.2,1006,32,9,106,9,Gurgaon
2019-09-30 15:00:00,32,24,0.0,11.6,6,9,07:41 AM,07:36 PM,06:14 AM,06:09 PM,21,35,35,32,14,30,51,0.3,1004,32,9,103,10,Gurgaon
2019-09-30 18:00:00,32,24,0.0,11.6,6,9,07:41 AM,07:36 PM,06:14 AM,06:09 PM,22,31,31,29,15,32,66,0.4,1007,29,9,116,12,Gurgaon
2019-09-30 21:00:00,32,24,0.0,11.6,6,9,07:41 AM,07:36 PM,06:14 AM,06:09 PM,21,30,30,27,13,27,70,2.4,1007,27,9,117,11,Gurgaon
